Order Date,Discount,Sales,Quantity,Profit,Sub-Category_Bookcases,Sub-Category_Chairs,Sub-Category_Furnishings,Sub-Category_Tables,Region_Central,Region_East,Region_South,Region_West,State_Alabama,State_Arizona,State_Arkansas,State_California,State_Colorado,State_Connecticut,State_Delaware,State_District of Columbia,State_Florida,State_Georgia,State_Idaho,State_Illinois,State_Indiana,State_Iowa,State_Kansas,State_Kentucky,State_Louisiana,State_Maine,State_Maryland,State_Massachusetts,State_Michigan,State_Minnesota,State_Mississippi,State_Missouri,State_Montana,State_Nebraska,State_Nevada,State_New Hampshire,State_New Jersey,State_New Mexico,State_New York,State_North Carolina,State_Ohio,State_Oklahoma,State_Oregon,State_Pennsylvania,State_Rhode Island,State_South Carolina,State_South Dakota,State_Tennessee,State_Texas,State_Utah,State_Vermont,State_Virginia,State_Washington,State_West Virginia,State_Wisconsin,State_Wyoming,Ship Mode_First Class,Ship Mode_Same Day,Ship Mode_Second Class,Ship Mode_Standard Class,Segment_Consumer,Segment_Corporate,Segment_Home Office
2014-01-12,0.15,2712.4280000000003,15,717.0749999999999,0,1,3,0,1,1,2,0,0,0,0,0,0,0,1,0,0,0,0,0,0,0,0,1,0,0,0,0,0,0,0,0,0,0,0,0,0,0,0,0,0,0,0,0,0,0,0,0,1,0,0,1,0,0,0,0,1,0,0,3,2,1,1
2014-01-19,0.36875,1250.473,24,-254.00439999999998,3,1,1,0,0,2,1,2,0,1,0,1,0,0,0,0,0,0,0,0,0,0,0,0,0,0,0,0,0,0,0,0,0,0,0,0,0,0,0,0,0,0,0,2,0,1,0,0,0,0,0,0,0,0,0,0,2,0,2,1,4,1,0
2014-01-26,0.06666666666666667,1655.958,26,355.6263,1,1,7,0,3,0,5,1,0,0,2,1,0,0,0,0,1,0,0,0,0,0,0,0,0,0,0,0,2,0,0,0,0,0,0,0,0,0,0,0,0,0,0,0,0,0,1,0,0,0,0,2,0,0,0,0,1,0,1,7,6,1,2
2014-02-02,0.175,623.6659999999999,5,-13.2304,1,0,0,1,0,0,0,2,0,0,0,2,0,0,0,0,0,0,0,0,0,0,0,0,0,0,0,0,0,0,0,0,0,0,0,0,0,0,0,0,0,0,0,0,0,0,0,0,0,0,0,0,0,0,0,0,1,0,0,1,2,0,0
2014-02-09,0.0,14.56,2,5.5328,0,0,1,0,0,0,0,1,0,0,0,0,0,0,0,0,0,0,0,0,0,0,0,0,0,0,0,0,0,0,0,0,0,0,1,0,0,0,0,0,0,0,0,0,0,0,0,0,0,0,0,0,0,0,0,0,1,0,0,0,0,0,1
2014-02-16,0.1,1779.6180000000002,12,119.57209999999999,0,2,1,1,2,0,1,1,0,0,0,1,0,0,0,0,0,0,0,0,0,0,0,0,0,0,0,0,0,0,0,2,0,0,0,0,0,0,0,0,0,0,0,0,0,0,0,0,0,0,0,1,0,0,0,0,0,0,2,2,4,0,0
2014-02-23,0.3,45.480000000000004,9,-4.413199999999999,0,0,2,0,2,0,0,0,0,0,0,0,0,0,0,0,0,0,0,0,1,0,0,0,0,0,0,0,0,0,0,0,0,0,0,0,0,0,0,0,0,0,0,0,0,0,0,0,1,0,0,0,0,0,0,0,0,1,0,1,1,1,0
2014-03-02,0.33999999999999997,1893.995,23,-198.624,0,3,1,1,4,0,0,1,0,0,0,0,0,0,0,0,0,0,0,1,0,0,0,0,0,0,0,0,0,0,0,0,0,0,0,0,0,0,0,0,0,0,0,0,0,0,0,0,3,0,0,0,1,0,0,0,0,0,1,4,4,0,1
2014-03-09,0.275,1895.7859999999998,17,-141.6135,1,3,0,1,0,1,0,4,0,0,0,1,0,0,0,0,0,0,0,0,0,0,0,0,0,0,0,0,0,0,0,0,0,0,0,0,0,0,0,0,1,0,0,0,0,0,0,0,0,0,0,0,3,0,0,0,1,0,0,4,2,3,0
2014-03-16,0.13333333333333333,1193.936,12,292.40880000000004,0,1,2,0,0,1,2,0,0,0,0,0,0,0,0,0,1,0,0,0,0,0,0,0,0,0,0,0,0,0,0,0,0,0,0,0,0,0,0,0,1,0,0,0,0,0,0,0,0,0,0,1,0,0,0,0,0,0,1,2,2,0,1
2014-03-23,0.22750000000000004,5318.3679999999995,46,-1048.5491000000002,1,2,6,3,0,3,6,3,0,1,0,2,0,0,0,0,4,0,0,0,0,0,0,0,0,0,0,0,0,0,0,0,0,0,0,0,0,0,3,0,0,0,0,0,0,0,0,2,0,0,0,0,0,0,0,0,2,0,1,9,2,6,4
2014-03-30,0.16499999999999998,3146.3830000000003,26,-130.7574,1,2,1,3,3,2,0,2,0,0,0,2,0,0,0,0,0,0,0,0,0,1,0,0,0,0,0,0,0,0,0,0,0,0,0,0,0,0,1,0,1,0,0,0,0,0,0,0,2,0,0,0,0,0,0,0,1,0,1,5,5,0,2
2014-04-06,0.07500000000000001,2242.022,25,250.56709999999998,0,1,4,2,1,1,2,3,0,0,0,2,0,0,0,0,1,0,0,0,0,0,0,0,0,0,0,0,1,0,0,0,0,0,0,0,0,0,0,0,0,0,0,1,0,0,0,0,0,0,0,1,1,0,0,0,1,1,0,5,2,4,1
2014-04-13,0.11666666666666668,1805.0810000000004,15,208.59910000000002,1,0,1,3,0,1,2,2,2,0,0,2,0,0,0,0,0,0,0,0,0,0,0,0,0,0,0,0,0,0,0,0,0,0,0,0,0,0,0,0,1,0,0,0,0,0,0,0,0,0,0,0,0,0,0,0,1,0,0,4,2,2,1
2014-04-20,0.125,1786.5679999999998,21,-114.54480000000001,0,1,3,2,3,0,0,3,0,0,0,3,0,0,0,0,0,0,0,0,0,0,0,0,0,0,0,0,0,0,0,0,0,0,0,0,0,0,0,0,0,0,0,0,0,0,0,0,3,0,0,0,0,0,0,0,0,1,3,2,4,0,2
2014-04-27,0.18888888888888888,2605.65,21,219.1145,0,4,2,0,0,3,0,3,0,0,0,3,0,0,0,0,0,0,0,0,0,0,0,0,0,0,0,0,0,0,0,0,0,0,0,0,0,0,0,0,3,0,0,0,0,0,0,0,0,0,0,0,0,0,0,0,0,0,0,6,0,1,5
2014-05-04,0.03333333333333333,670.644,15,102.9076,0,2,3,0,0,2,2,1,0,0,0,0,0,1,0,0,0,0,0,0,0,0,0,0,1,0,0,0,0,0,0,0,0,0,0,0,0,0,1,0,0,0,0,0,0,0,0,1,0,0,0,0,1,0,0,0,1,1,1,2,3,2,0
2014-05-11,0.3125,3080.26,29,-142.219,1,4,1,1,3,3,0,1,0,0,0,1,0,0,0,0,0,0,0,0,0,0,0,0,0,0,0,2,0,0,0,0,0,0,0,0,0,0,0,0,0,0,0,1,0,0,0,0,3,0,0,0,0,0,0,0,1,0,1,5,6,1,0
2014-05-18,0.19,1707.294,26,-53.75350000000001,0,2,3,1,1,2,1,2,0,0,0,2,0,0,0,0,1,0,0,0,0,0,0,0,0,0,0,1,0,0,0,0,0,0,0,0,0,0,0,0,1,0,0,0,0,0,0,0,0,0,0,0,0,0,1,0,1,0,1,4,3,3,0
2014-05-25,0.39999999999999997,287.284,14,0.7575000000000003,0,1,3,0,3,1,0,0,0,0,0,0,0,0,0,0,0,0,0,1,0,0,0,0,0,0,0,0,0,0,0,0,0,0,0,1,0,0,0,0,0,0,0,0,0,0,0,0,2,0,0,0,0,0,0,0,0,0,3,1,2,2,0
2014-06-01,0.22916666666666669,3822.3689999999997,32,421.19559999999996,1,3,1,2,3,0,1,3,0,0,1,3,0,0,0,0,0,0,0,2,0,0,0,0,0,0,0,0,0,1,0,0,0,0,0,0,0,0,0,0,0,0,0,0,0,0,0,0,0,0,0,0,0,0,0,0,0,1,1,5,4,2,1
2014-06-08,0.24444444444444444,3091.835,37,-393.9796999999999,1,2,4,3,2,4,1,3,0,0,0,0,0,0,0,0,0,0,0,2,0,0,0,0,0,0,0,0,0,0,0,0,0,0,0,0,0,0,4,0,0,0,0,0,0,0,0,1,0,1,0,0,2,0,0,0,1,0,2,7,7,2,1
2014-06-15,0.11666666666666665,4344.546,34,340.65319999999997,1,1,2,3,3,0,1,3,0,0,0,2,0,0,0,0,0,0,0,0,0,0,0,0,0,0,0,0,1,0,0,0,0,0,1,0,0,0,0,0,0,0,0,0,0,0,0,0,2,0,0,1,0,0,0,0,0,0,2,5,3,3,1
2014-06-22,0.144,1979.1276,25,25.488400000000002,1,3,3,0,2,3,1,1,0,0,0,0,0,0,0,0,0,0,0,0,1,0,0,0,0,0,0,0,0,0,0,0,0,0,0,0,0,0,0,0,0,0,0,3,0,0,0,0,1,0,0,1,1,0,0,0,0,0,1,6,7,0,0
2014-06-29,0.175,1766.5569999999998,13,34.512,0,1,1,2,0,1,1,2,0,1,0,1,0,0,0,0,0,0,0,0,0,0,0,0,0,0,0,0,0,0,1,0,0,0,0,0,0,0,0,0,0,0,0,1,0,0,0,0,0,0,0,0,0,0,0,0,1,0,0,3,3,1,0
2014-07-06,0.2,711.216,7,69.2072,0,1,2,0,0,0,2,1,0,0,0,1,0,0,0,0,2,0,0,0,0,0,0,0,0,0,0,0,0,0,0,0,0,0,0,0,0,0,0,0,0,0,0,0,0,0,0,0,0,0,0,0,0,0,0,0,2,0,0,1,0,2,1
2014-07-13,0.1638888888888889,3591.509,34,147.1074,1,5,2,3,1,5,0,5,0,0,0,4,0,0,0,0,0,0,0,0,0,0,0,0,0,0,0,0,0,0,0,0,0,0,0,0,2,0,1,0,0,0,0,2,0,0,0,0,1,0,0,0,1,0,0,0,1,0,0,10,4,5,2
2014-07-20,0.25,1402.8120000000001,17,-167.684,0,2,3,1,2,2,0,2,0,1,0,1,0,1,0,0,0,0,0,0,0,0,0,0,0,0,0,0,0,0,0,0,0,0,0,0,0,0,0,0,0,0,0,1,0,0,0,0,2,0,0,0,0,0,0,0,1,1,0,4,2,1,3
2014-07-27,0.14833333333333332,3617.786,42,52.737700000000004,0,5,4,2,2,0,2,7,0,0,0,5,0,0,0,0,0,2,0,0,0,0,0,0,0,0,0,0,0,0,0,0,0,0,2,0,0,0,0,0,0,0,0,0,0,0,0,0,2,0,0,0,0,0,0,0,0,0,3,8,8,3,0
2014-08-03,0.225,1760.6059999999998,20,123.1386,1,0,2,1,0,0,2,2,0,0,0,0,1,0,0,0,1,0,0,0,0,0,0,0,0,0,0,0,0,0,0,0,0,0,0,0,0,0,0,1,0,0,0,0,0,0,0,0,0,0,0,0,1,0,0,0,1,1,0,2,2,2,0
2014-08-10,0.13333333333333333,2621.196,36,461.45919999999995,1,2,3,1,2,1,1,3,0,1,0,2,0,1,0,0,1,0,0,0,0,0,0,0,0,0,0,0,1,0,0,0,0,0,0,0,0,0,0,0,0,0,0,0,0,0,0,0,1,0,0,0,0,0,0,0,0,0,2,5,5,1,1
2014-08-17,0.15000000000000002,1146.018,14,-202.6404,0,1,2,1,0,1,0,3,0,0,0,2,0,0,0,0,0,0,0,0,0,0,0,0,0,0,0,0,0,0,0,0,0,0,0,0,0,0,0,0,0,0,0,1,0,0,0,0,0,0,0,0,1,0,0,0,0,0,0,4,4,0,0
2014-08-24,0.0875,1867.1760000000002,36,345.2046,1,2,3,0,1,1,2,2,0,0,1,1,1,0,0,0,0,0,0,1,0,0,0,0,0,0,0,0,0,0,0,0,0,0,0,0,0,0,1,0,0,0,0,0,0,0,0,0,0,0,0,1,0,0,0,0,1,0,2,3,3,3,0
2014-08-31,0.1125,1423.0785,15,209.18810000000002,0,0,3,2,0,1,3,1,0,0,0,1,0,0,1,0,1,0,0,0,0,0,0,0,0,0,0,0,0,0,0,0,0,0,0,0,0,0,0,0,0,0,0,0,0,0,0,0,0,0,0,2,0,0,0,0,2,0,1,2,2,3,0
2014-09-07,0.07083333333333333,1859.1670000000001,28,399.084,0,1,6,2,5,2,1,1,0,0,0,1,0,0,0,0,1,0,0,0,0,0,0,0,0,0,0,0,0,0,0,0,0,0,0,0,0,0,1,0,0,4,0,1,0,0,0,0,1,0,0,0,0,0,0,0,4,0,2,3,4,2,3
2014-09-14,0.1369047619047619,9069.114062499999,88,944.5765,0,8,9,1,5,7,2,4,0,0,0,1,0,0,0,0,1,1,0,0,0,0,1,0,0,0,0,1,0,0,0,0,0,0,0,0,1,0,3,0,1,0,1,1,0,0,0,0,4,0,0,0,2,0,0,0,2,2,5,9,12,2,4
2014-09-21,0.23666666666666666,4195.038,39,-99.89650000000003,3,2,5,2,3,7,0,2,0,1,0,0,0,0,0,0,0,0,0,2,0,0,0,0,0,0,2,0,0,0,0,0,0,0,0,0,0,0,4,0,0,0,0,1,0,0,0,0,1,0,0,0,1,0,0,0,4,1,0,7,8,3,1
2014-09-28,0.17,3194.3518,30,219.8254,2,4,4,0,1,4,1,4,0,0,0,4,0,0,0,0,1,0,0,0,0,0,0,0,0,0,0,0,0,0,0,0,0,0,0,0,1,0,2,0,0,0,0,1,0,0,0,0,1,0,0,0,0,0,0,0,1,0,1,8,5,3,2
2014-10-05,0.13958333333333334,4313.877,38,316.63970000000006,0,3,5,4,2,5,0,5,0,0,0,3,0,0,0,0,0,0,0,1,0,0,0,0,0,0,0,0,0,0,0,0,0,0,0,0,0,0,3,0,0,0,0,2,0,0,0,0,1,0,0,0,2,0,0,0,1,0,6,5,5,5,2
2014-10-12,0.15555555555555556,805.102,32,-3.6774000000000058,0,2,4,0,0,1,1,4,0,1,1,2,0,0,0,0,0,0,0,0,0,0,0,0,0,0,0,0,0,0,0,0,0,0,0,0,0,0,0,0,0,0,0,1,0,0,0,0,0,0,0,0,1,0,0,0,1,1,0,4,1,1,4
2014-10-19,0.16999999999999998,4528.638,33,810.1528999999999,0,5,2,1,1,3,3,1,1,0,1,0,0,0,0,0,1,0,0,0,0,0,0,0,0,0,0,1,0,0,0,0,0,0,0,0,1,0,0,0,1,0,0,0,0,0,0,0,1,0,0,0,1,0,0,0,3,0,3,2,5,3,0
2014-10-26,0.17500000000000002,1617.228,22,-131.89249999999998,0,0,3,3,0,2,3,1,0,0,0,0,0,0,0,0,0,0,0,0,0,0,0,0,1,0,0,0,0,0,0,0,0,0,0,0,0,0,0,0,2,0,0,0,0,0,0,1,0,0,0,1,1,0,0,0,2,0,1,3,2,3,1
2014-11-02,0.1,4397.754,42,-296.7901999999999,1,2,5,2,0,8,0,2,0,0,0,2,0,0,0,0,0,0,0,0,0,0,0,0,0,0,0,0,0,0,0,0,0,0,0,0,0,0,2,0,2,0,0,0,4,0,0,0,0,0,0,0,0,0,0,0,2,0,5,3,6,4,0
2014-11-09,0.16833333333333333,3506.176,44,-330.4632,1,3,5,2,1,3,3,4,0,0,0,4,0,0,0,0,0,0,0,0,0,0,0,0,0,0,0,0,0,0,0,0,0,0,0,0,0,0,2,2,0,0,0,1,0,0,0,0,1,0,0,1,0,0,0,0,0,1,1,9,8,0,3
2014-11-16,0.17194444444444443,3873.2736999999997,45,-28.5712,3,6,6,1,6,3,0,7,0,0,0,6,1,0,0,0,0,0,0,3,0,0,0,0,0,0,0,0,1,0,0,0,0,0,0,0,0,0,1,0,0,0,0,2,0,0,0,0,2,0,0,0,0,0,0,0,2,0,3,11,11,4,1
2014-11-23,0.178125,9069.114062499999,66,-7.638900000000007,3,6,5,3,7,5,0,5,0,0,0,2,1,0,2,0,0,0,0,3,0,0,0,0,0,0,0,0,0,1,0,0,0,0,0,0,0,0,1,0,0,0,0,2,0,0,0,0,2,0,0,0,2,0,1,0,5,0,2,10,9,7,1
2014-11-30,0.20633333333333334,4360.906999999999,59,18.517699999999977,2,3,9,1,3,5,2,5,0,0,0,5,0,0,0,0,0,0,0,0,0,0,0,0,0,0,0,0,0,0,0,0,0,0,0,0,0,0,2,0,2,0,0,0,1,1,0,0,3,0,0,1,0,0,0,0,1,2,6,6,6,6,3
2014-12-07,0.31476190476190474,6321.598000000001,65,270.16340000000014,1,4,9,2,7,7,0,2,0,0,0,1,0,0,0,0,0,0,0,2,0,0,0,0,0,0,2,2,0,0,0,0,0,0,0,0,0,0,1,0,2,0,1,0,0,0,0,0,4,0,0,0,0,0,1,0,4,0,5,7,11,5,0
2014-12-14,0.21166666666666667,6262.414500000001,52,272.40059999999994,1,3,7,3,1,1,1,11,0,1,0,8,0,0,0,0,1,0,1,1,0,0,0,0,0,0,0,0,0,0,0,0,0,0,0,0,0,0,0,0,1,0,0,0,0,0,0,0,0,0,0,0,1,0,0,0,0,0,6,8,9,5,0
2014-12-21,0.17714285714285713,9069.114062499999,95,1000.962,0,11,8,2,4,3,6,8,1,2,0,6,0,0,0,0,1,0,0,1,0,0,0,0,0,0,0,0,0,0,0,0,0,0,0,0,0,0,1,0,1,0,0,1,0,0,0,1,3,0,0,3,0,0,0,0,7,0,7,7,12,5,4
2014-12-28,0.22208333333333335,3030.678,60,233.416,0,6,7,1,2,4,1,7,0,0,0,4,3,0,0,0,1,0,0,1,0,0,0,0,0,0,0,0,0,0,0,0,0,0,0,0,0,0,2,0,2,0,0,0,0,0,0,0,1,0,0,0,0,0,0,0,4,0,3,7,6,5,3
2015-01-04,0.26166666666666666,5248.5316,68,-377.78639999999996,4,1,6,1,3,6,1,2,0,0,0,2,0,0,0,0,0,0,0,2,0,0,0,0,0,0,0,1,0,0,0,0,0,0,0,0,0,0,1,0,1,0,0,1,2,0,0,0,1,0,0,1,0,0,0,0,1,0,3,8,2,6,4
2015-01-11,0.30000000000000004,1079.688,5,-380.233,0,1,0,1,0,1,0,1,0,0,0,0,0,0,0,0,0,0,0,0,0,0,0,0,0,0,0,0,0,0,0,0,0,0,0,0,0,0,1,0,0,0,0,0,0,0,0,0,0,0,0,0,1,0,0,0,0,0,0,2,1,0,1
2015-01-18,0.3,797.1940000000001,20,-181.0674,0,0,3,0,1,0,0,2,0,0,0,2,0,0,0,0,0,0,0,1,0,0,0,0,0,0,0,0,0,0,0,0,0,0,0,0,0,0,0,0,0,0,0,0,0,0,0,0,0,0,0,0,0,0,0,0,0,0,0,3,2,0,1
2015-01-25,0.3,301.742,5,-21.712200000000003,0,1,0,1,2,0,0,0,0,0,0,0,0,0,0,0,0,0,0,0,0,0,0,0,0,0,0,0,0,0,0,0,0,0,0,0,0,0,0,0,0,0,0,0,0,0,0,0,2,0,0,0,0,0,0,0,0,0,0,2,2,0,0
2015-02-01,0.1625,7564.25,30,-1818.5232,0,2,2,1,1,1,1,2,0,0,0,2,0,0,0,0,0,0,0,0,0,0,0,0,0,0,0,0,0,1,0,0,0,0,0,0,0,0,0,1,1,0,0,0,0,0,0,0,0,0,0,0,0,0,0,0,1,0,3,1,5,0,0
2015-02-08,0.016666666666666666,1808.942,20,416.08799999999997,1,2,2,0,1,3,0,1,0,0,0,1,0,0,2,0,0,0,0,0,0,0,0,0,0,0,0,0,0,0,0,0,0,1,0,0,0,0,1,0,0,0,0,0,0,0,0,0,0,0,0,0,0,0,0,0,2,0,0,3,3,2,0
2015-02-15,0.4,244.70399999999998,7,-7.647000000000002,0,1,1,0,1,0,0,1,0,0,0,1,0,0,0,0,0,0,0,0,0,0,0,0,0,0,0,0,0,0,0,0,0,0,0,0,0,0,0,0,0,0,0,0,0,0,0,0,1,0,0,0,0,0,0,0,0,0,1,1,1,1,0
2015-02-22,0.2,35.544,1,-0.8886,0,0,0,1,0,0,0,1,0,0,0,1,0,0,0,0,0,0,0,0,0,0,0,0,0,0,0,0,0,0,0,0,0,0,0,0,0,0,0,0,0,0,0,0,0,0,0,0,0,0,0,0,0,0,0,0,0,0,0,1,1,0,0
2015-03-01,0.25333333333333335,2457.9344,26,-69.55980000000001,1,3,0,1,1,1,2,1,0,0,0,1,0,0,0,0,0,0,0,0,0,0,0,0,0,0,0,0,0,0,0,0,0,0,0,0,0,0,0,0,0,0,0,0,1,0,0,2,1,0,0,0,0,0,0,0,1,0,1,3,2,3,0
2015-03-08,0.075,3490.999,39,679.5762,1,3,4,1,4,3,0,2,0,0,0,1,0,0,0,0,0,0,0,1,0,0,0,0,0,0,0,0,0,0,0,0,0,0,0,0,0,0,1,0,0,0,0,2,0,0,0,0,0,0,0,0,1,0,3,0,0,1,3,5,7,2,0
2015-03-15,0.13333333333333333,1422.144,21,239.77620000000002,1,1,3,0,0,0,2,3,0,0,0,2,0,0,0,0,2,0,0,0,0,0,0,0,0,0,0,0,0,0,0,0,0,0,0,0,0,0,0,0,0,0,0,0,0,0,0,0,0,0,0,0,1,0,0,0,1,0,2,2,1,2,2
2015-03-22,0.10666666666666667,690.5156000000001,9,10.787000000000004,1,0,2,1,1,0,0,3,0,0,0,2,0,0,0,0,0,0,0,0,0,0,0,0,0,0,0,0,0,0,0,0,0,0,0,0,0,0,0,0,0,0,0,0,0,0,0,0,1,0,0,0,1,0,0,0,1,0,1,2,1,2,1
2015-03-29,0.1375,5094.25,26,699.6763,1,2,2,1,2,0,1,3,0,0,0,1,0,0,0,0,1,0,0,1,0,0,0,0,0,0,0,0,0,0,0,0,0,0,0,0,0,0,0,0,0,0,0,0,0,0,0,0,1,0,0,0,2,0,0,0,1,0,3,2,2,2,2
2015-04-05,0.29375,2296.918,22,-283.3618,1,2,4,0,2,4,0,1,0,0,0,1,0,0,0,0,0,0,0,1,0,0,0,0,0,0,0,0,0,0,0,0,0,0,0,0,0,0,1,0,0,0,0,3,0,0,0,0,1,0,0,0,0,0,0,0,0,0,0,7,0,2,5
2015-04-12,0.2,491.79999999999995,8,10.5459,0,0,2,1,0,0,2,1,0,0,0,1,0,0,0,0,2,0,0,0,0,0,0,0,0,0,0,0,0,0,0,0,0,0,0,0,0,0,0,0,0,0,0,0,0,0,0,0,0,0,0,0,0,0,0,0,0,0,0,3,3,0,0
2015-04-19,0.11111111111111112,3812.152,35,-7.6702999999999975,1,3,3,4,5,1,2,3,0,0,0,3,0,0,0,0,0,0,0,0,2,0,0,0,0,0,0,0,0,0,0,0,0,0,0,0,0,0,1,0,0,0,0,0,0,0,0,0,3,0,0,2,0,0,0,0,2,0,2,7,8,3,0
2015-04-26,0.14250000000000002,2718.1275,30,172.1912,0,5,3,1,2,0,6,1,0,0,0,1,0,0,0,0,1,1,0,1,0,0,0,2,0,0,0,0,0,0,0,0,0,0,0,0,0,0,0,0,0,0,0,0,0,0,0,2,1,0,0,0,0,0,0,0,0,0,0,9,7,2,0
2015-05-03,0.10625000000000001,3119.373,34,413.75260000000003,0,3,5,0,1,5,1,1,0,0,0,1,0,0,0,1,1,0,0,1,0,0,0,0,0,0,0,3,0,0,0,0,0,0,0,0,0,0,0,0,0,0,0,1,0,0,0,0,0,0,0,0,0,0,0,0,0,0,0,8,2,4,2
2015-05-10,0.225,632.6099999999999,25,36.467,0,1,5,1,3,4,0,0,0,0,0,0,0,0,0,0,0,0,0,1,0,0,0,0,0,0,0,0,0,1,0,0,0,0,0,0,0,0,3,0,1,0,0,0,0,0,0,0,1,0,0,0,0,0,0,0,1,0,1,5,4,3,0
2015-05-17,0.3125,1666.7234999999998,24,152.4483,1,3,2,0,1,0,0,5,0,1,0,4,0,0,0,0,0,0,0,0,0,0,0,0,0,0,0,0,0,0,0,0,0,0,0,0,0,0,0,0,0,0,0,0,0,0,0,0,1,0,0,0,0,0,0,0,0,0,1,5,1,4,1
2015-05-24,0.16666666666666666,841.117,20,-123.59889999999999,0,1,2,0,2,0,1,0,0,0,0,0,0,0,0,0,0,0,0,1,0,0,0,0,0,0,0,0,1,0,0,0,0,0,0,0,0,0,0,1,0,0,0,0,0,0,0,0,0,0,0,0,0,0,0,0,0,0,2,1,2,0,1
2015-05-31,0.1425,4660.951999999999,42,750.6047,1,4,6,0,4,4,0,3,0,0,0,1,0,1,0,0,0,0,0,1,0,0,0,0,0,0,0,0,0,1,0,0,0,0,0,0,1,0,0,0,2,0,0,0,0,0,0,0,2,1,0,0,1,0,0,0,2,0,5,4,5,4,2
2015-06-07,0.05,1557.918,12,181.1772,0,1,1,0,0,2,0,0,0,0,0,0,0,0,0,0,0,0,0,0,0,0,0,0,0,0,0,0,0,0,0,0,0,0,0,0,0,0,2,0,0,0,0,0,0,0,0,0,0,0,0,0,0,0,0,0,0,0,1,1,0,1,1
2015-06-14,0.14666666666666667,1824.688,29,-17.24949999999999,0,1,6,0,0,2,4,1,0,0,0,0,0,0,0,0,3,0,1,0,0,0,0,0,1,0,0,0,0,0,0,0,0,0,0,0,0,0,0,0,0,0,0,2,0,0,0,0,0,0,0,0,0,0,0,0,2,0,1,4,3,3,1
2015-06-21,0.12666666666666665,1651.8680000000002,32,150.1896,0,2,6,0,1,0,2,5,0,3,0,2,0,0,0,0,0,0,0,0,0,0,0,0,0,0,0,0,0,0,0,0,0,0,0,0,0,0,0,0,0,0,0,0,0,0,0,1,1,0,0,1,0,0,0,0,1,0,1,6,5,2,1
2015-06-28,0.22999999999999998,2541.719,37,-729.8459,1,1,4,1,2,1,2,2,0,1,0,1,0,0,0,0,0,1,0,1,0,0,0,0,0,0,0,0,0,0,0,0,0,0,0,0,0,0,0,0,1,0,0,0,0,0,0,0,1,0,0,1,0,0,0,0,2,0,1,4,3,3,1
2015-07-05,0.1875,1620.5520000000001,36,-16.067899999999995,0,4,6,0,2,4,4,0,0,0,0,0,0,0,0,0,0,0,0,2,0,0,0,1,0,0,0,0,0,0,0,0,0,0,0,0,0,0,1,3,0,0,0,3,0,0,0,0,0,0,0,0,0,0,0,0,4,0,1,5,5,5,0
2015-07-12,0.1875,2071.887,47,55.76670000000002,1,3,6,1,2,8,0,1,0,0,0,1,0,0,1,0,0,0,0,2,0,0,0,0,0,0,1,1,0,0,0,0,0,0,0,0,0,0,2,0,0,0,0,3,0,0,0,0,0,0,0,0,0,0,0,0,4,0,2,5,7,3,1
2015-07-19,0.17166666666666666,5135.326,35,77.4375,3,5,1,0,0,3,1,5,0,2,0,3,0,0,0,0,1,0,0,0,0,0,0,0,0,0,1,0,0,0,0,0,0,0,0,0,0,0,2,0,0,0,0,0,0,0,0,0,0,0,0,0,0,0,0,0,0,2,6,1,5,3,1
2015-07-26,0.1433333333333333,3732.6989999999996,30,-189.57919999999996,3,2,2,2,2,1,2,4,1,2,0,0,0,0,0,0,0,0,0,2,0,0,0,1,0,0,0,0,0,0,0,0,0,0,0,0,0,0,1,0,0,0,0,0,0,0,0,0,0,0,0,0,2,0,0,0,1,0,2,6,5,2,2
2015-08-02,0.21250000000000002,2645.398,27,-598.6156,0,2,1,3,1,2,0,3,0,0,0,2,0,0,0,0,0,0,0,0,0,0,0,0,0,0,0,0,0,1,0,0,0,0,0,0,0,0,1,0,0,0,1,0,1,0,0,0,0,0,0,0,0,0,0,0,2,1,1,2,3,0,3
2015-08-09,0.23733333333333334,2497.5591999999997,39,-22.881399999999992,2,1,5,2,5,4,0,1,0,0,0,1,0,0,0,0,0,0,0,0,0,0,0,0,0,0,0,0,1,0,0,1,0,0,0,0,0,0,4,0,0,0,0,0,0,0,0,0,2,0,0,0,0,0,1,0,4,1,1,4,5,4,1
2015-08-16,0.1375,737.764,19,-154.3278,1,0,4,0,0,2,1,2,0,0,0,2,0,0,0,0,0,0,0,0,0,0,0,0,0,0,0,0,0,0,0,0,0,0,0,0,0,0,0,1,0,0,0,2,0,0,0,0,0,0,0,0,0,0,0,0,0,1,0,4,4,1,0
2015-08-23,0.2125,1754.848,13,28.650000000000006,1,2,1,0,0,2,0,2,0,0,0,2,0,0,0,0,0,0,0,0,0,0,0,0,0,0,0,0,0,0,0,0,0,0,0,0,0,0,0,0,2,0,0,0,0,0,0,0,0,0,0,0,0,0,0,0,1,0,0,3,0,3,1
2015-08-30,0.28333333333333327,1702.134,23,-190.8327,1,1,4,3,4,2,0,3,0,0,0,3,0,0,0,0,0,0,0,0,0,0,0,0,0,0,0,0,0,0,0,0,0,0,0,0,0,0,2,0,0,0,0,0,0,0,0,0,4,0,0,0,0,0,0,0,0,2,1,6,6,2,1
2015-09-06,0.09166666666666666,3433.866,34,467.05960000000005,3,3,5,1,1,3,2,6,0,1,0,4,0,0,0,0,0,0,0,0,0,0,0,0,1,0,0,2,0,1,0,0,0,0,0,0,0,0,1,0,0,0,0,0,0,0,0,0,0,0,0,1,1,0,0,0,1,0,1,10,3,3,6
2015-09-13,0.12095238095238096,4388.054,66,603.0278,1,5,9,2,4,5,2,6,1,0,0,5,1,0,0,0,0,1,0,1,1,0,0,0,0,0,0,1,0,0,0,0,0,0,0,0,1,0,3,0,0,0,0,0,0,0,0,0,2,0,0,0,0,0,0,0,5,1,2,9,5,11,1
2015-09-20,0.10685714285714287,9069.114062499999,57,-968.0089,5,2,6,4,1,7,5,4,2,0,0,3,0,0,0,0,2,0,0,0,0,0,0,0,0,0,0,0,0,0,0,0,0,0,0,0,0,0,5,0,0,0,0,2,0,0,0,0,1,1,0,1,0,0,0,0,0,2,2,13,8,6,3
2015-09-27,0.16666666666666666,6790.79,55,1448.9946,1,7,6,1,4,3,3,5,0,0,0,3,0,0,0,0,0,0,0,1,0,1,0,0,1,0,0,2,1,0,0,0,0,0,0,0,0,0,1,0,0,0,0,0,0,1,0,0,1,1,0,1,1,0,0,0,3,3,1,8,6,4,5
2015-10-04,0.20833333333333334,625.072,10,55.590799999999994,2,1,2,0,0,2,1,2,0,0,0,1,0,0,0,0,0,1,0,0,0,0,0,0,0,0,0,0,0,0,0,0,0,0,0,0,0,0,0,0,1,0,1,1,0,0,0,0,0,0,0,0,0,0,0,0,1,0,2,2,3,1,1
2015-10-11,0.27999999999999997,2285.8255,24,-528.8966,1,3,2,1,2,0,1,4,0,0,0,2,0,0,0,0,1,0,0,0,0,0,0,0,0,0,0,0,1,0,0,0,0,0,0,0,0,0,0,0,0,0,2,0,0,0,0,0,1,0,0,0,0,0,0,0,1,0,0,6,5,2,0
2015-10-18,0.14166666666666666,4635.1539999999995,27,-213.19780000000003,2,2,3,1,3,3,1,1,0,0,0,0,0,0,0,0,0,0,0,0,0,0,0,1,0,0,0,0,1,0,0,0,0,0,0,0,0,0,3,0,0,0,0,0,0,0,0,0,2,0,0,0,1,0,0,0,2,3,1,2,6,0,2
2015-10-25,0.1625,3658.9049999999997,58,15.002800000000011,0,6,2,3,1,1,0,9,0,0,0,8,1,0,1,0,0,0,0,0,0,0,0,0,0,0,0,0,0,0,0,0,0,0,0,0,0,0,0,0,0,0,0,0,0,0,0,0,1,0,0,0,0,0,0,0,1,1,3,6,6,4,1
2015-11-01,0.10625,1916.0549999999998,34,253.27070000000003,1,3,4,1,0,3,3,3,0,0,1,2,1,0,0,0,0,0,0,0,0,0,0,2,0,0,0,0,0,0,0,0,0,0,0,0,0,0,3,0,0,0,0,0,0,0,0,0,0,0,0,0,0,0,0,0,0,2,2,5,8,1,0
2015-11-08,0.13533333333333336,9069.114062499999,69,2173.5613000000003,2,7,7,1,1,7,3,6,0,0,0,5,0,0,0,0,0,0,0,0,0,0,0,0,0,0,0,0,0,0,0,0,0,0,0,0,0,0,5,2,0,0,0,0,0,0,0,0,1,1,2,1,0,0,0,0,2,2,3,10,8,7,2
2015-11-15,0.09083333333333334,4735.0852,59,342.2187,3,4,6,1,4,2,3,5,0,0,0,1,1,0,2,0,2,0,0,1,0,0,0,0,0,0,0,0,0,1,0,1,1,0,0,0,0,2,0,0,0,0,0,0,0,0,0,0,1,0,0,1,0,0,0,0,0,1,0,13,9,2,3
2015-11-22,0.1565,7512.5887999999995,82,-40.41200000000002,5,5,9,5,7,5,2,10,0,0,0,5,1,0,0,0,1,0,1,1,0,0,0,0,0,0,0,0,0,0,0,0,0,0,1,0,0,0,1,1,2,1,0,2,0,0,0,0,2,0,0,0,2,0,3,0,1,0,7,16,13,4,7
2015-11-29,0.13399999999999998,4122.4595,67,231.38739999999999,1,3,8,2,4,6,2,2,0,0,0,2,0,0,0,0,1,0,0,2,0,0,0,0,0,0,0,3,2,0,0,0,0,0,0,0,0,0,2,0,1,0,0,0,0,0,0,1,0,0,0,0,0,0,0,0,0,0,3,11,6,5,3
2015-12-06,0.15,9069.114062499999,100,1118.387,2,8,12,1,1,9,4,9,0,1,0,5,0,0,0,0,0,0,0,0,0,0,0,0,0,0,0,0,0,0,0,0,0,0,1,0,0,0,7,3,1,0,0,1,0,0,0,1,1,0,0,0,2,0,0,0,3,2,6,12,15,5,3
2015-12-13,0.125,2957.9900000000002,43,164.67380000000003,1,4,4,2,2,1,1,7,0,0,0,3,4,0,0,0,0,0,0,0,0,0,0,1,0,0,1,0,2,0,0,0,0,0,0,0,0,0,0,0,0,0,0,0,0,0,0,0,0,0,0,0,0,0,0,0,0,0,0,11,8,3,0
2015-12-20,0.18666666666666668,3279.604,50,148.33389999999997,1,3,8,2,6,2,2,4,0,1,0,3,0,0,0,0,0,0,0,2,0,0,0,0,0,0,0,0,4,0,1,0,0,0,0,1,0,0,0,0,1,0,0,0,0,0,0,1,0,0,0,0,0,0,0,0,1,4,2,7,9,3,2
2015-12-27,0.26566666666666666,7894.858200000001,79,-893.1591999999999,5,4,7,3,6,6,3,4,0,2,0,0,1,0,0,0,0,1,0,1,0,0,0,0,0,0,0,0,1,0,0,1,0,0,0,0,0,0,1,0,3,0,0,2,0,0,0,2,3,0,0,0,1,0,0,0,2,0,3,14,7,8,4
2016-01-03,0.19999999999999998,1781.55,15,377.25480000000005,1,0,1,1,2,1,0,0,0,0,0,0,0,0,0,0,0,0,0,0,0,0,0,0,0,0,1,0,0,0,0,0,0,0,0,0,0,0,0,0,0,1,0,0,0,0,0,0,1,0,0,0,0,0,0,0,0,0,0,3,1,2,0
2016-01-10,0.2,1708.8940000000002,20,442.02880000000005,1,0,4,0,2,1,0,2,0,0,0,0,0,0,0,0,0,0,0,0,0,0,0,0,0,0,0,0,0,0,0,0,0,0,0,0,0,0,0,0,1,0,0,0,0,0,0,0,1,0,0,0,2,0,1,0,0,0,2,3,2,3,0
2016-01-17,0.175,875.155,26,89.4492,0,0,3,1,0,3,1,0,0,0,0,0,0,1,0,0,0,0,0,0,0,0,0,0,0,0,0,0,0,0,0,0,0,0,0,1,0,0,0,1,1,0,0,0,0,0,0,0,0,0,0,0,0,0,0,0,0,1,0,3,2,0,2
2016-01-24,0.11111111111111112,1802.354,33,65.8264,1,2,3,0,0,0,2,4,0,0,0,3,0,0,0,0,0,0,0,0,0,0,0,0,0,0,0,0,0,0,0,0,0,0,0,0,0,0,0,2,0,0,0,0,0,0,0,0,0,0,0,0,1,0,0,0,0,0,2,4,5,1,0
2016-01-31,0.21666666666666667,1469.55,12,-682.0375,1,1,1,2,1,2,0,2,0,0,0,0,0,0,0,0,0,0,0,1,0,0,0,0,0,0,0,0,0,0,0,0,0,0,0,0,0,0,2,0,0,0,0,0,0,0,0,0,0,0,0,0,2,0,0,0,0,0,4,1,3,2,0
2016-02-07,0.15333333333333332,1922.014,28,207.5898,1,1,5,1,1,0,5,2,0,1,0,1,0,0,0,0,0,2,0,0,0,0,0,1,0,0,0,0,0,0,0,0,0,0,0,0,0,0,0,0,0,0,0,0,0,0,0,1,1,0,0,1,0,0,0,0,0,2,1,5,4,2,2
2016-02-14,0.22499999999999998,802.491,13,-42.5334,0,1,1,1,1,2,0,0,0,0,0,0,0,0,0,0,0,0,0,0,0,0,0,0,0,0,2,0,0,0,0,0,0,0,0,0,0,0,0,0,0,0,0,0,0,0,0,0,1,0,0,0,0,0,0,0,2,0,0,1,2,1,0
2016-02-21,0.03333333333333333,1184.854,26,218.86040000000003,0,3,4,0,1,5,1,0,0,0,0,0,0,0,0,0,0,0,0,1,0,0,0,1,0,0,0,0,0,0,0,0,0,0,0,0,1,0,4,0,0,0,0,0,0,0,0,0,0,0,0,0,0,0,0,0,1,0,0,6,4,3,0
2016-02-28,0.6,16.192,2,-6.8816,0,0,1,0,1,0,0,0,0,0,0,0,0,0,0,0,0,0,0,0,0,0,0,0,0,0,0,0,0,0,0,0,0,0,0,0,0,0,0,0,0,0,0,0,0,0,0,0,1,0,0,0,0,0,0,0,0,0,0,1,1,0,0
2016-03-06,0.3833333333333333,2378.218,26,-730.9382,0,1,2,3,4,1,0,1,0,0,0,1,0,0,0,0,0,0,0,2,0,0,0,0,0,0,0,0,0,0,0,0,0,0,0,0,0,0,1,0,0,0,0,0,0,0,0,0,2,0,0,0,0,0,0,0,1,1,0,4,4,2,0
2016-03-13,0.1361111111111111,2969.683,41,236.5231,1,3,6,2,1,6,3,2,0,0,0,2,0,0,0,0,1,1,0,0,0,0,0,0,0,0,0,1,0,0,0,0,0,0,0,0,1,0,2,0,0,0,0,2,0,0,0,0,1,0,0,1,0,0,0,0,1,1,3,7,6,3,3
2016-03-20,0.1772222222222222,4409.784,48,172.4681,2,3,6,2,4,4,2,3,0,0,0,1,1,0,0,0,0,0,0,0,0,0,0,0,0,0,1,0,0,0,1,1,0,0,0,0,0,0,2,0,1,0,0,0,0,0,0,1,2,0,0,0,1,0,1,0,3,1,5,4,7,5,1
2016-03-27,0.25,1157.32,22,-208.0246,1,2,2,1,2,1,2,1,0,0,0,0,0,0,0,0,0,2,0,1,0,0,0,0,0,0,0,0,0,0,0,0,0,0,0,0,0,0,0,0,1,0,0,0,0,0,0,0,1,0,0,0,1,0,0,0,0,1,1,4,3,3,0
2016-04-03,0.08333333333333334,4736.639,44,670.8984,1,4,3,0,3,4,1,0,0,0,0,0,0,0,0,0,0,1,0,1,1,0,0,0,0,0,0,0,0,0,0,0,0,0,0,0,0,0,3,0,1,0,0,0,0,0,0,0,0,0,0,0,0,0,1,0,0,0,3,5,5,1,2
2016-04-10,0.0875,2322.259,34,282.4852,3,2,3,0,1,3,2,2,0,0,1,2,0,0,0,0,0,1,0,0,0,0,0,0,0,0,0,0,0,0,0,0,0,0,0,0,0,0,3,0,0,0,0,0,0,0,0,0,1,0,0,0,0,0,0,0,1,0,1,6,5,1,2
2016-04-17,0.14333333333333334,3980.667,43,198.3634,1,5,3,1,0,1,3,6,0,1,0,5,0,0,0,0,0,0,0,0,0,0,0,0,0,0,0,0,0,0,0,0,0,0,0,0,1,0,0,1,0,0,0,0,0,0,0,1,0,0,0,1,0,0,0,0,1,1,2,6,7,2,1
2016-04-24,0.30625,3417.558,33,-857.933,0,2,4,2,3,1,0,4,0,2,0,1,1,0,0,0,0,0,0,0,0,0,0,0,0,0,0,0,0,0,0,1,0,0,0,0,0,0,0,0,1,0,0,0,0,0,0,0,2,0,0,0,0,0,0,0,0,0,1,7,1,2,5
2016-05-01,0.325,1011.674,20,-96.348,0,2,3,1,2,1,1,2,0,1,0,1,0,0,0,0,0,0,0,1,0,0,0,0,0,0,0,0,0,0,0,0,0,0,0,0,0,0,1,0,0,0,0,0,0,0,0,1,1,0,0,0,0,0,0,0,1,0,1,4,2,2,2
2016-05-08,0.10416666666666667,3720.208,63,484.38370000000003,0,3,8,3,1,7,2,4,0,0,0,3,0,0,1,0,0,0,0,0,0,0,0,0,0,0,0,0,0,0,0,0,0,0,1,0,0,0,4,1,2,0,0,0,0,0,0,1,1,0,0,0,0,0,0,0,3,0,2,9,9,4,1
2016-05-15,0.1,119.59599999999999,7,42.480599999999995,0,0,3,0,0,2,1,0,0,0,0,0,0,0,0,0,1,0,0,0,0,0,0,0,0,0,0,0,0,0,0,0,0,0,0,0,0,0,1,0,1,0,0,0,0,0,0,0,0,0,0,0,0,0,0,0,0,1,0,2,1,2,0
2016-05-22,0.12,2419.814,32,486.98359999999997,0,1,6,1,1,4,1,2,0,0,0,2,0,1,0,0,0,0,0,1,0,0,0,0,0,0,0,0,0,0,0,0,0,0,0,0,1,0,2,0,0,0,0,0,0,0,0,0,0,0,0,1,0,0,0,0,2,0,1,5,7,0,1
2016-05-29,0.15416666666666667,4974.146,45,533.7266,0,4,7,0,5,1,3,2,0,0,0,2,0,0,0,1,1,1,0,2,0,0,0,0,0,0,0,0,1,0,0,0,0,0,0,0,0,0,0,0,0,0,0,0,0,0,0,1,1,0,0,0,0,0,1,0,0,1,1,9,8,2,1
2016-06-05,0.2791666666666667,4397.08,54,-41.64359999999999,1,2,7,3,7,2,1,3,0,0,0,2,1,0,0,0,0,0,0,6,0,0,0,0,0,0,0,0,0,0,0,0,0,0,0,0,0,0,2,0,0,0,0,0,0,0,0,0,0,0,0,1,0,0,1,0,0,2,5,6,8,4,1
2016-06-12,0.24,4048.5840000000003,32,-75.7423,0,2,5,3,4,3,0,3,0,0,0,3,0,0,1,0,0,0,0,0,0,0,0,0,0,0,0,0,0,1,0,0,0,0,0,0,0,0,0,0,2,0,0,0,0,0,0,0,3,0,0,0,0,0,0,0,1,0,2,7,6,1,3
2016-06-19,0.18,5039.159000000001,41,185.4043,2,2,2,4,0,3,0,7,0,0,0,4,2,0,0,0,0,0,0,0,0,0,0,0,0,0,0,0,0,0,0,0,0,0,0,0,0,0,2,0,0,0,0,1,0,0,0,0,0,0,0,0,1,0,0,0,5,2,0,3,4,4,2
2016-06-26,0.175,1172.722,20,-59.7161,1,3,4,0,3,3,0,2,0,0,0,2,0,0,0,0,0,0,0,0,0,0,0,0,0,0,0,0,0,0,0,0,0,0,0,0,0,0,2,0,0,1,0,1,0,0,0,0,2,0,0,0,0,0,0,0,1,0,2,5,5,3,0
2016-07-03,0.1375,2652.0919999999996,18,323.91999999999996,1,4,0,0,2,1,1,1,0,0,0,1,0,0,0,0,0,1,0,1,0,0,0,0,0,0,0,0,0,0,0,0,0,0,0,0,1,0,0,0,0,0,0,0,0,0,0,0,1,0,0,0,0,0,0,0,1,0,3,1,2,3,0
2016-07-10,0.14375,3383.409,43,433.10400000000004,1,4,5,0,2,2,0,6,0,0,0,4,1,0,0,0,0,0,0,2,0,0,0,0,0,0,0,0,0,0,0,0,0,0,0,0,0,0,2,0,0,0,0,0,0,0,0,0,0,0,0,0,1,0,0,0,2,1,3,4,5,4,1
2016-07-17,0.21666666666666665,938.6879999999999,23,81.975,1,1,5,0,1,1,1,4,0,0,0,1,0,0,0,0,0,1,0,0,0,0,0,0,0,0,0,0,0,0,0,0,0,0,0,0,0,0,1,0,0,0,1,0,0,0,0,0,1,0,0,0,2,0,0,0,0,0,4,3,4,3,0
2016-07-24,0.10666666666666666,2886.402,30,336.9068,1,5,3,0,0,3,4,2,0,0,0,0,2,0,0,0,0,0,0,0,0,0,0,1,0,0,1,0,0,0,2,0,0,0,0,0,0,0,1,1,0,0,0,1,0,0,0,0,0,0,0,0,0,0,0,0,0,0,1,8,4,5,0
2016-07-31,0.2333333333333333,5136.406,57,167.40310000000008,1,2,6,2,5,1,1,4,0,0,0,4,0,0,0,0,0,0,0,0,0,0,0,0,0,0,0,0,1,0,1,0,0,0,0,0,0,0,0,0,0,0,0,1,0,0,0,0,2,0,0,0,0,0,2,0,1,0,2,8,6,3,2
2016-08-07,0.13333333333333333,265.576,13,64.60640000000001,0,0,2,1,0,1,1,1,0,0,0,1,0,0,0,0,0,0,0,0,0,0,0,0,0,0,0,0,0,0,0,0,0,0,0,0,0,0,0,0,0,0,0,1,0,0,0,0,0,0,0,1,0,0,0,0,0,0,2,1,1,1,1
2016-08-14,0.1722222222222222,1672.1885,15,-292.8941,1,1,0,3,1,2,1,1,0,0,0,1,0,0,0,0,1,0,0,0,0,0,0,0,0,0,0,0,0,0,0,0,0,0,0,0,0,0,2,0,0,0,0,0,0,0,0,0,0,0,0,0,0,0,1,0,0,0,2,3,1,2,2
2016-08-21,0.2833333333333333,4989.024,39,-23.226599999999976,0,2,3,3,2,2,1,3,0,0,0,3,0,0,0,0,0,0,0,0,0,0,0,0,0,0,0,0,0,0,0,0,0,0,0,0,0,0,1,1,0,0,0,1,0,0,0,0,2,0,0,0,0,0,0,0,1,0,4,3,3,2,3
2016-08-28,0.269,4316.8598,32,138.2646,1,3,3,2,4,1,1,3,0,0,0,1,1,0,0,0,0,1,0,0,0,0,0,0,0,0,0,1,1,0,0,0,0,0,0,0,0,0,0,0,0,0,0,0,0,0,0,0,3,0,0,0,1,0,0,0,4,0,1,4,5,2,2
2016-09-04,0.1763888888888889,3680.764,60,-482.6486,3,2,10,3,3,8,2,5,0,0,0,4,0,0,0,0,0,0,0,3,0,0,0,1,0,0,2,0,0,0,0,0,0,0,0,0,0,0,3,1,0,0,0,3,0,0,0,0,0,0,0,0,1,0,0,0,2,1,3,12,14,2,2
2016-09-11,0.318,7875.1885999999995,61,-317.52680000000004,3,5,7,4,9,7,1,2,0,0,0,1,0,0,0,0,0,0,0,2,0,0,0,0,0,0,0,1,2,0,0,0,0,0,0,0,0,0,1,0,1,0,0,4,0,0,0,0,5,0,0,1,1,0,0,0,1,1,7,10,14,3,2
2016-09-18,0.07326388888888889,8188.896,74,1189.3142,1,10,9,2,1,8,4,9,1,0,0,3,4,0,0,0,1,1,1,0,0,0,0,0,0,1,0,2,0,0,0,0,0,1,0,0,0,0,3,0,2,0,0,0,0,0,0,0,0,0,0,1,1,0,0,0,3,1,3,15,8,11,3
2016-09-25,0.13777777777777778,5649.5509999999995,80,396.4674,2,9,11,1,5,5,4,9,0,1,0,4,2,0,0,0,0,1,0,1,1,0,0,1,0,0,0,0,0,0,0,0,0,0,0,0,0,0,0,2,3,0,0,1,1,0,0,0,0,0,0,0,2,0,3,0,3,2,2,16,5,11,7
2016-10-02,0.24250000000000002,3675.3513,35,-556.5465,3,3,1,1,4,2,0,2,0,0,0,2,0,0,0,0,0,0,0,1,1,0,0,0,0,0,0,0,0,0,0,0,0,0,0,0,0,0,2,0,0,0,0,0,0,0,0,0,2,0,0,0,0,0,0,0,2,0,0,6,5,3,0
2016-10-09,0.33749999999999997,2357.56,34,88.04719999999999,0,2,5,1,2,3,1,2,0,1,0,1,0,0,0,0,1,0,0,0,0,0,0,0,0,0,1,0,0,0,0,0,0,0,0,0,0,0,1,0,0,0,0,1,0,0,0,0,2,0,0,0,0,0,0,0,0,0,1,7,2,4,2
2016-10-16,0.34,1488.15,40,-768.4098,1,2,5,2,2,2,1,5,0,0,0,1,4,0,0,0,0,0,0,0,0,0,0,0,0,0,0,0,0,0,0,0,0,0,0,0,0,0,2,1,0,0,0,0,0,0,0,0,2,0,0,0,0,0,0,0,3,0,0,7,4,6,0
2016-10-23,0.20027777777777778,3256.664,50,114.42079999999999,3,4,7,1,3,3,3,6,0,1,0,4,0,1,0,0,1,0,0,1,0,0,0,0,0,0,0,0,1,0,0,0,0,0,0,0,1,0,0,0,1,0,0,0,0,0,0,0,1,0,0,2,1,0,0,0,3,2,1,9,7,4,4
2016-10-30,0.051111111111111114,1937.192,40,376.6402,0,2,7,0,1,4,4,0,0,0,0,0,0,0,0,0,3,0,0,0,0,0,0,0,0,0,0,0,1,0,0,0,0,0,0,0,1,0,3,0,0,0,0,0,0,0,0,0,0,0,0,1,0,0,0,0,1,4,1,3,7,2,0
2016-11-06,0.17613333333333334,9069.114062499999,100,-404.6919,1,10,10,3,5,2,8,9,0,0,0,6,0,0,0,0,3,0,0,0,0,0,0,2,0,0,0,0,0,0,0,0,0,0,0,0,0,0,0,1,0,1,2,2,0,0,0,0,4,0,0,2,1,0,0,0,6,0,9,9,12,9,3
2016-11-13,0.12444444444444443,9069.114062499999,92,877.4072,2,8,12,2,7,5,2,10,0,0,0,7,0,0,0,0,0,0,0,2,1,0,0,2,0,0,0,0,0,0,0,1,0,0,0,0,0,0,1,0,4,2,0,0,0,0,0,0,1,0,0,0,2,0,0,1,3,0,4,17,11,7,6
2016-11-20,0.27999999999999997,2779.976,41,-234.5716,2,5,5,1,5,5,2,1,0,0,0,0,0,0,1,0,1,0,0,0,0,0,0,0,0,0,0,0,1,0,0,0,0,0,0,0,0,0,1,1,1,0,0,2,0,0,0,0,4,0,0,0,1,0,0,0,1,1,4,7,6,5,2
2016-11-27,0.14476190476190479,9069.114062499999,81,958.4449000000001,3,4,9,3,1,9,2,7,0,0,0,5,0,0,0,0,2,0,0,0,0,0,0,0,0,0,1,0,1,0,0,0,0,0,0,0,1,0,3,0,2,0,1,2,0,0,0,0,0,0,0,0,1,0,0,0,0,3,2,14,7,8,4
2016-12-04,0.15401360544217685,6087.365,86,-23.166300000000057,2,9,9,4,8,9,1,6,0,0,0,6,0,1,0,0,0,1,0,1,3,0,0,0,0,0,1,2,1,0,0,0,0,0,0,0,0,0,3,0,0,0,0,1,1,0,0,0,3,0,0,0,0,0,0,0,4,1,8,11,17,4,3
2016-12-11,0.14333333333333334,9069.114062499999,80,892.2683000000001,2,7,4,5,5,4,3,6,0,0,0,4,0,0,1,0,0,0,0,0,1,0,0,1,0,0,0,1,0,0,0,0,0,0,0,0,0,0,0,0,2,0,1,0,0,0,0,1,1,0,0,1,1,0,3,0,5,5,4,4,8,9,1
2016-12-18,0.13333333333333333,8186.791,73,-18.05399999999996,0,3,9,5,4,2,1,10,0,0,0,8,0,0,0,0,0,0,0,0,0,0,0,0,0,0,0,0,2,1,1,0,0,1,0,0,0,0,2,0,0,0,2,0,0,0,0,0,0,0,0,0,0,0,0,0,3,0,0,14,7,6,4
2016-12-25,0.14027777777777775,9069.114062499999,92,1611.9478,1,4,13,4,2,6,4,10,0,3,1,3,0,0,0,0,0,0,0,1,0,0,0,0,0,0,0,0,0,0,1,0,0,0,0,1,0,0,4,0,0,0,2,1,0,0,0,0,1,0,0,2,2,0,0,0,1,0,4,17,13,8,1
2017-01-01,0.20166666666666666,4078.7780000000002,53,119.98500000000001,0,6,4,1,5,3,0,3,0,0,0,3,0,0,0,0,0,0,0,1,0,0,1,0,0,0,0,0,0,0,0,0,0,0,0,0,1,0,0,0,1,0,0,1,0,0,0,0,2,0,0,0,0,0,1,0,1,0,0,10,7,4,0
2017-01-08,0.15,1806.4099999999999,7,-89.2688,0,0,0,2,1,0,0,1,0,0,0,0,0,0,0,0,0,0,0,0,0,0,0,0,0,0,0,0,0,0,0,0,0,0,0,0,0,0,0,0,0,0,0,0,0,0,0,0,1,0,0,0,1,0,0,0,1,0,1,0,1,1,0
2017-01-15,0.0,269.58,7,77.5926,1,0,2,0,2,1,0,0,0,0,0,0,0,0,0,1,0,0,0,0,1,0,0,0,0,0,0,0,0,0,0,1,0,0,0,0,0,0,0,0,0,0,0,0,0,0,0,0,0,0,0,0,0,0,0,0,0,0,2,1,0,1,2
2017-01-22,0.10416666666666666,1942.327,23,29.771999999999995,1,3,2,1,1,3,0,3,0,0,0,2,0,0,0,0,0,0,0,0,0,0,0,0,0,0,0,0,1,0,0,0,0,0,0,0,0,0,1,0,0,0,0,2,0,0,0,0,0,0,0,0,1,0,0,0,0,2,4,1,3,3,1
2017-01-29,0.0,326.34999999999997,12,63.012499999999996,0,0,3,1,2,0,1,1,0,0,0,1,0,0,0,0,0,1,0,0,0,1,0,0,0,0,0,0,1,0,0,0,0,0,0,0,0,0,0,0,0,0,0,0,0,0,0,0,0,0,0,0,0,0,0,0,1,0,2,1,2,1,1
2017-02-05,0.27499999999999997,962.9150000000001,18,-98.471,0,2,4,1,3,0,1,3,0,0,0,3,0,0,0,0,1,0,0,2,0,1,0,0,0,0,0,0,0,0,0,0,0,0,0,0,0,0,0,0,0,0,0,0,0,0,0,0,0,0,0,0,0,0,0,0,0,0,1,6,3,2,2
2017-02-12,0.1875,1940.545,18,234.6116,3,1,3,0,1,2,1,3,0,0,0,2,0,0,0,0,0,0,0,0,0,0,0,0,0,0,0,0,0,0,0,0,0,0,0,0,0,0,1,0,1,0,0,0,0,0,0,0,1,0,0,1,1,0,0,0,2,0,2,3,4,2,1
2017-02-19,0.19849999999999998,2716.0204,24,-375.9836,1,2,4,2,4,3,0,2,0,0,0,1,0,0,0,0,0,0,0,3,0,0,0,0,0,0,0,0,0,0,0,0,0,0,0,0,0,0,0,0,3,0,0,0,0,0,0,0,1,0,0,0,1,0,0,0,5,0,0,4,3,0,6
2017-02-26,0.17777777777777778,1890.732,24,-73.54830000000001,1,2,3,1,0,0,2,5,0,2,0,3,0,0,0,0,0,0,0,0,0,0,0,0,0,0,0,0,0,0,0,0,0,0,0,0,0,0,0,2,0,0,0,0,0,0,0,0,0,0,0,0,0,0,0,0,1,0,1,5,3,1,3
2017-03-05,0.24444444444444444,1296.464,18,39.05770000000001,1,2,1,1,2,1,0,2,0,0,0,2,0,0,1,0,0,0,0,0,0,0,0,0,0,0,0,0,1,0,0,0,0,0,0,0,0,0,0,0,0,0,0,0,0,0,0,0,1,0,0,0,0,0,0,0,0,0,1,4,2,2,1
2017-03-12,0.14444444444444446,1237.43,14,-179.4479,0,0,4,2,1,5,0,0,0,0,0,0,0,0,0,0,0,0,0,0,0,0,0,0,0,0,0,1,0,0,0,0,0,0,0,0,0,0,1,0,0,0,0,3,0,0,0,0,1,0,0,0,0,0,0,0,0,0,1,5,2,0,4
2017-03-19,0.3,951.646,16,-14.741399999999999,0,1,3,1,2,1,0,2,0,0,0,2,0,0,0,0,0,0,0,1,0,0,0,0,0,0,0,0,0,0,0,0,0,0,0,0,0,0,0,0,1,0,0,0,0,0,0,0,1,0,0,0,0,0,0,0,0,2,2,1,4,0,1
2017-03-26,0.03333333333333333,4827.308,39,1147.182,1,6,4,0,6,3,0,2,0,0,0,1,0,0,0,0,0,0,0,0,1,0,0,0,0,0,0,0,1,0,0,0,0,0,0,0,0,0,3,0,0,1,0,0,0,0,0,0,0,0,0,0,1,0,3,0,3,0,1,7,4,5,2
2017-04-02,0.07455555555555556,3846.4728,55,173.15910000000002,3,3,8,2,4,2,5,5,0,0,0,5,0,0,0,0,1,1,0,0,0,0,0,1,0,0,0,0,0,0,0,0,0,0,0,0,0,0,1,0,0,0,0,1,0,1,0,0,4,0,0,1,0,0,0,0,5,0,6,5,8,6,2
2017-04-09,0.18888888888888888,1775.1585,23,-175.87020000000004,0,0,5,2,2,1,4,0,0,0,0,0,0,0,0,0,3,1,0,0,0,0,0,0,0,0,0,0,2,0,0,0,0,0,0,0,0,0,0,0,0,0,0,1,0,0,0,0,0,0,0,0,0,0,0,0,0,0,0,7,1,3,3
2017-04-16,0.13666666666666666,1300.0529999999999,36,31.697499999999998,3,1,4,0,0,3,2,3,0,0,0,2,0,0,0,0,1,0,0,0,0,0,0,0,0,0,0,0,0,0,0,0,0,0,1,0,1,0,1,1,0,0,0,1,0,0,0,0,0,0,0,0,0,0,0,0,1,0,1,6,3,5,0
2017-04-23,0.16,2660.362,57,208.85070000000002,1,3,12,0,3,5,2,6,0,0,0,4,1,0,0,0,0,0,0,3,0,0,0,0,0,0,1,0,0,0,0,0,0,0,0,0,0,0,0,0,0,0,0,4,0,0,0,2,0,0,0,0,1,0,0,0,7,0,2,7,10,2,4
2017-04-30,0.2886666666666667,2064.5085999999997,40,-26.571900000000003,2,0,5,1,2,1,2,3,0,0,0,2,0,0,0,0,2,0,0,0,0,0,0,0,0,0,0,0,0,0,0,0,0,0,0,0,0,0,0,0,1,0,0,0,0,0,0,0,2,0,0,0,1,0,0,0,1,0,2,5,3,4,1
2017-05-07,0.25761904761904764,7563.8318,41,-276.8365,3,4,2,3,4,3,3,2,0,0,0,1,1,0,0,0,3,0,0,0,0,0,0,0,0,0,0,0,3,0,0,0,0,0,0,0,1,0,0,0,0,0,0,2,0,0,0,0,1,0,0,0,0,0,0,0,2,0,0,10,4,8,0
2017-05-14,0.25833333333333336,2854.3050000000003,41,-403.5857,1,6,3,2,2,5,1,4,0,1,0,2,0,0,0,0,0,0,0,0,0,0,0,0,0,0,1,0,0,0,0,0,0,0,0,0,1,0,0,1,1,0,0,2,0,0,0,0,2,0,0,0,1,0,0,0,5,1,1,5,4,5,3
2017-05-21,0.13333333333333333,4315.4259999999995,52,477.9655,2,5,6,0,2,2,3,6,0,0,0,3,0,0,0,0,0,2,0,2,0,0,0,0,0,0,0,0,0,0,0,0,0,0,0,0,0,0,2,0,0,0,0,0,0,0,0,1,0,0,0,0,3,0,0,0,1,0,2,10,5,5,3
2017-05-28,0.132,1684.103,36,148.73340000000002,1,3,5,1,3,4,1,2,0,0,0,1,0,0,0,0,0,0,1,2,0,0,0,0,0,0,1,0,0,0,0,0,0,0,0,1,0,0,1,0,1,1,0,0,0,1,0,0,0,0,0,0,0,0,0,0,1,1,3,5,6,4,0
2017-06-04,0.21933333333333332,3189.5964000000004,39,398.88340000000005,3,1,7,1,5,1,5,1,0,0,0,0,0,0,0,0,1,0,0,0,2,0,0,0,2,0,0,0,0,0,0,0,0,0,0,0,0,0,1,1,0,0,1,0,0,0,0,1,3,0,0,0,0,0,0,0,2,0,3,7,7,4,1
2017-06-11,0.19,2604.8940000000002,16,103.57349999999998,3,1,2,1,2,0,0,5,0,1,0,3,0,0,0,0,0,0,0,2,0,0,0,0,0,0,0,0,0,0,0,0,0,0,0,0,0,0,0,0,0,0,0,0,0,0,0,0,0,0,0,0,1,0,0,0,3,0,1,3,1,0,6
2017-06-18,0.1625,5614.8635,55,425.7145,2,6,4,2,2,1,7,4,0,0,0,2,0,0,0,0,1,1,0,2,0,0,0,1,0,0,0,0,0,0,0,0,0,0,0,0,0,0,1,2,0,0,0,0,0,0,0,2,0,0,0,0,2,0,0,0,2,0,3,9,9,2,3
2017-06-25,0.11000000000000001,3534.223,33,274.4273,1,3,4,2,2,6,0,2,0,0,0,1,0,0,0,0,0,0,0,0,0,0,0,0,0,0,0,0,1,0,0,0,0,0,0,0,0,0,3,0,3,0,0,0,0,0,0,0,1,0,0,0,1,0,0,0,0,0,7,3,6,2,2
2017-07-02,0.145,4604.9022,47,-316.76269999999994,3,3,6,2,5,5,2,2,0,0,0,1,0,2,0,0,1,0,0,2,1,0,0,0,0,0,0,0,0,0,0,0,0,0,0,0,0,0,3,0,0,0,0,0,0,0,0,1,2,0,0,0,1,0,0,0,4,1,4,5,6,5,3
2017-07-09,0.22999999999999998,2807.842,53,-73.16089999999996,1,2,11,1,2,5,2,6,0,0,0,3,0,0,2,0,1,1,0,0,1,0,0,0,0,0,0,0,0,0,0,0,0,0,0,1,0,1,0,0,1,0,0,1,0,0,0,0,1,0,0,0,2,0,0,0,3,1,1,10,8,3,4
2017-07-16,0.13,2963.551,40,444.83950000000004,0,3,5,2,0,5,3,2,0,0,0,2,0,0,1,0,0,1,0,0,0,0,0,0,0,0,0,0,0,0,0,0,0,0,0,0,0,0,1,1,1,0,0,2,0,0,0,0,0,0,0,1,0,0,0,0,1,0,4,5,9,1,0
2017-07-23,0.2033333333333333,4442.237,53,-190.49610000000004,2,7,5,2,4,4,3,5,0,3,0,2,0,0,0,0,1,0,0,2,0,0,0,0,0,0,0,0,0,0,0,0,0,0,0,0,0,0,3,0,0,0,0,1,0,0,1,0,1,0,0,2,0,0,0,0,0,0,1,15,11,4,1
2017-07-30,0.15,1562.4319999999998,30,131.98430000000002,1,3,4,2,2,3,2,3,0,0,0,1,0,0,0,0,1,0,0,0,0,0,0,0,0,0,0,0,0,0,0,0,0,0,0,0,0,0,1,1,0,1,0,2,0,0,0,0,1,0,0,0,2,0,0,0,1,0,5,4,8,1,1
2017-08-06,0.049999999999999996,505.432,20,16.65,2,0,3,0,1,0,2,2,0,0,0,2,0,0,0,0,0,0,0,1,0,0,0,0,2,0,0,0,0,0,0,0,0,0,0,0,0,0,0,0,0,0,0,0,0,0,0,0,0,0,0,0,0,0,0,0,2,0,3,0,5,0,0
2017-08-13,0.07500000000000001,2670.686,16,508.1066,0,3,4,0,1,1,2,3,0,0,0,3,0,0,0,0,0,0,0,0,1,0,0,0,0,0,1,0,0,0,0,0,0,0,0,0,0,0,0,0,0,0,0,0,0,0,0,2,0,0,0,0,0,0,0,0,1,1,0,5,6,1,0
2017-08-20,0.17500000000000002,5592.790000000001,30,-483.79650000000004,0,3,5,1,2,5,0,2,0,0,0,1,0,0,0,0,0,0,0,0,0,0,0,0,0,0,0,0,0,0,0,0,0,0,0,0,0,0,4,0,0,0,0,1,0,0,0,0,2,0,0,0,1,0,0,0,1,0,4,4,2,5,2
2017-08-27,0.3101190476190476,4854.588,58,-6.133699999999948,1,3,8,4,1,5,2,8,0,1,0,5,1,0,0,0,1,0,0,1,0,0,0,0,0,0,2,1,0,0,1,0,0,0,0,0,0,0,0,0,0,0,0,2,0,0,0,0,0,0,0,0,1,0,0,0,4,0,5,7,9,4,3
2017-09-03,0.09910714285714285,5900.241,57,687.6395,1,6,6,4,2,7,0,8,0,0,0,4,0,0,0,0,0,0,0,0,0,0,0,0,0,0,0,0,1,0,0,0,0,0,0,0,0,0,6,0,1,0,0,0,0,0,0,0,1,0,0,0,4,0,0,0,0,3,6,8,5,7,5
2017-09-10,0.229,6038.825,73,-710.4435,1,6,9,3,5,3,2,9,0,0,0,7,0,0,0,0,1,0,0,2,0,0,0,0,0,0,0,0,0,0,0,1,0,0,0,0,0,0,0,0,1,0,0,2,0,0,0,1,2,1,0,0,1,0,0,0,5,2,4,8,12,7,0
2017-09-17,0.12583333333333332,8620.542,83,855.0393,2,9,8,2,2,8,2,9,0,0,0,7,0,0,0,0,1,1,0,0,0,0,0,0,0,0,0,1,0,0,0,0,0,0,0,0,2,0,2,0,0,0,0,3,0,0,0,0,2,1,0,0,1,0,0,0,6,3,5,7,12,3,6
2017-09-24,0.17361111111111108,8494.119999999999,65,1085.2085000000002,3,7,7,0,3,7,1,6,0,0,0,1,2,0,0,0,0,1,0,1,0,0,0,0,0,0,0,0,1,1,0,0,0,0,0,0,0,0,6,0,1,0,2,0,0,0,0,0,0,0,0,0,1,0,0,0,1,1,2,13,10,6,1
2017-10-01,0.13066666666666665,2389.576,41,-60.38669999999998,0,7,6,1,1,5,1,7,0,0,0,5,1,0,0,0,1,0,0,0,0,0,0,0,0,0,0,0,0,1,0,0,0,0,0,0,0,0,2,0,3,0,0,0,0,0,0,0,0,0,0,0,1,0,0,0,4,4,0,6,7,2,5
2017-10-08,0.11607142857142858,4619.608,64,-1358.1676,2,3,10,4,1,4,6,8,1,0,0,6,0,0,0,0,0,0,1,0,0,0,0,0,0,0,1,0,1,0,0,0,0,0,0,0,0,0,3,1,0,0,1,0,0,0,0,4,0,0,0,0,0,0,0,0,4,0,2,13,5,6,8
2017-10-15,0.19833333333333333,6753.495000000001,58,-150.1724,2,3,5,5,6,5,1,3,0,0,0,3,0,0,0,0,0,0,0,5,0,0,0,0,1,0,0,0,0,0,0,0,0,0,0,0,2,0,1,0,1,0,0,0,0,0,0,0,1,0,0,0,0,1,0,0,5,1,1,8,9,5,1
2017-10-22,0.2174666666666667,5757.5992,58,-937.1451999999999,1,3,5,7,4,3,4,5,0,0,0,2,1,0,0,0,3,0,0,1,0,0,0,0,0,0,0,1,0,0,0,0,0,0,0,0,0,0,1,0,1,2,2,0,0,0,0,1,1,0,0,0,0,0,0,0,2,3,3,8,5,8,3
2017-10-29,0.15899999999999997,2891.848,43,-36.083000000000006,1,0,4,5,1,5,2,2,0,0,0,2,0,0,0,0,0,0,0,0,0,0,0,0,0,0,0,0,0,0,0,0,0,0,0,0,0,0,1,1,0,0,0,0,4,0,0,0,1,0,0,1,0,0,0,0,7,0,1,2,3,7,0
2017-11-05,0.17342592592592596,8570.84,77,360.2118,1,8,8,6,2,6,4,11,0,0,0,4,0,0,0,0,0,0,0,0,0,0,0,2,0,0,0,0,0,0,0,0,0,0,0,0,0,1,3,1,1,0,0,2,0,0,0,1,2,0,0,0,6,0,0,0,6,2,8,7,13,6,4
2017-11-12,0.18333333333333332,6318.566,84,-217.88779999999997,0,8,11,2,3,5,2,11,0,3,0,6,0,0,0,0,0,0,0,0,0,0,0,0,0,0,2,0,0,0,0,0,0,0,0,0,0,0,1,1,0,0,0,2,0,0,0,1,3,0,0,0,2,0,0,0,3,2,6,10,7,6,8
2017-11-19,0.1619047619047619,7207.635,76,208.51940000000002,2,6,13,3,11,3,3,7,0,0,0,5,0,0,0,0,2,0,0,2,0,0,0,1,0,0,0,0,1,0,0,0,0,0,0,0,0,0,3,0,0,0,0,0,0,0,0,0,7,0,0,0,2,0,1,0,3,2,2,17,16,6,2
2017-11-26,0.12291666666666667,6914.896000000001,82,580.6647,4,6,12,5,8,9,4,6,0,0,0,5,0,0,0,0,1,0,0,1,3,0,0,2,0,0,0,0,1,0,0,1,0,0,0,0,0,0,6,0,2,0,0,1,0,0,0,1,2,0,0,0,1,0,0,0,4,2,5,16,18,5,4
2017-12-03,0.1773809523809524,9069.114062499999,152,-178.66370000000006,2,9,18,3,4,11,4,13,0,0,0,4,6,1,0,0,0,0,0,0,0,0,0,0,0,0,2,0,0,0,0,0,0,0,0,0,0,0,1,1,1,0,0,6,0,0,0,2,3,0,0,1,3,0,1,0,6,0,6,20,15,6,11
2017-12-10,0.10363095238095238,8794.404,115,519.7188000000001,3,7,15,3,3,14,3,8,0,0,0,6,0,0,0,0,1,0,0,0,0,0,0,0,0,0,0,0,1,0,0,0,0,0,1,0,3,0,4,0,0,0,0,7,0,1,0,0,1,0,0,1,1,0,1,0,8,1,4,15,16,9,3
2017-12-17,0.16722222222222224,4639.819,57,-780.1243000000001,1,6,9,3,6,4,3,6,0,0,0,5,0,0,0,0,2,0,0,5,0,0,0,0,0,0,0,1,0,0,0,0,0,0,0,0,0,0,2,0,0,0,0,1,0,0,0,0,1,0,0,1,1,0,0,0,0,4,3,12,9,6,4
2017-12-24,0.13462301587301587,7274.043000000001,76,557.5274000000001,3,6,9,4,5,7,4,6,1,3,0,1,2,2,0,0,0,0,0,0,0,0,0,0,1,0,0,0,2,1,0,0,0,1,0,0,0,0,4,0,0,0,0,0,1,0,0,2,0,0,0,0,0,0,1,0,2,1,3,16,13,4,5
2017-12-31,0.1825,4037.5647999999997,61,447.9969,3,7,7,1,4,4,5,5,0,0,0,3,0,0,0,0,1,0,0,3,0,0,0,4,0,0,0,0,0,0,0,0,0,0,0,0,0,0,3,0,1,0,0,0,0,0,0,0,1,0,0,0,2,0,0,0,2,0,4,12,11,7,0
