id,label
4213,8
281,9
3470,7
3012,7
418,6
4387,1
4973,1
3650,8
2614,1
3312,9
3510,7
2231,4
1171,7
3230,9
1899,8
4671,8
4398,9
3738,7
3619,7
3681,9
2466,8
3448,0
4517,4
806,6
2866,7
1173,0
4446,4
1659,9
4550,4
3728,9
3168,3
1330,0
1334,7
3887,2
3466,9
2682,6
3033,3
3824,1
4524,7
1084,1
4255,7
4003,1
4996,9
4110,7
3194,7
1026,7
3317,1
3773,6
4605,5
4397,6
1,0
2592,9
3408,8
328,6
350,5
3011,8
2588,8
3157,9
1000,7
4674,3
1699,5
334,8
1998,0
761,0
2637,7
256,6
1513,8
1896,7
3662,5
3960,7
1254,1
4383,7
301,0
4218,7
2024,1
2492,1
4216,0
1475,5
1594,7
775,8
213,1
3689,7
372,7
3463,7
2801,9
3991,9
3787,3
3802,6
1534,7
506,9
3893,3
1276,7
1516,6
4162,7
512,7
2184,4
1125,9
3488,7
4117,0
3724,0
221,5
483,8
779,5
1060,5
1028,1
1207,1
3525,4
4048,2
515,5
1415,7
641,8
3229,8
3745,4
595,7
1523,8
4668,7
4766,1
3465,6
3324,1
487,7
4646,7
4220,9
583,7
3106,8
707,6
547,0
4338,9
4649,7
3186,0
4293,7
3639,5
2928,8
4911,8
3384,0
6,7
37,9
3475,0
1339,7
1113,9
4746,3
4101,1
4404,7
1137,7
749,8
2307,7
2642,5
2339,4
3184,6
4593,3
3425,8
2593,8
2803,7
4573,9
4106,0
253,8
1969,7
3401,3
4056,7
3370,9
2990,1
616,1
2406,9
3938,6
856,7
461,6
457,7
1737,5
819,7
3052,4
640,6
1981,3
3234,2
3068,7
3768,5
955,6
2434,5
410,6
605,1
4534,2
3652,7
1120,5
3415,9
1916,8
3672,8
2438,7
1897,0
133,6
1797,8
3269,7
891,9
1307,8
1527,7
445,0
2496,7
2639,7
3097,4
3642,0
4709,1
3122,7
3037,7
4122,7
1510,6
2715,9
22,1
2841,7
3118,9
426,7
4413,9
4823,4
1438,6
508,6
844,7
3808,7
85,7
150,3
4062,7
4528,8
1848,6
3066,7
4175,9
2430,0
1650,6
991,8
2029,3
3826,0
4374,2
2408,8
2524,7
4040,7
4696,1
504,4
855,7
3473,5
316,7
1328,9
4717,7
4781,1
4330,7
3618,7
1643,9
1456,7
3653,9
3985,7
3617,9
1413,6
2484,6
1240,1
2655,2
180,9
1039,6
2470,7
4653,2
3668,7
2327,2
4629,1
1687,3
3784,7
1027,8
138,7
1167,1
1645,8
3630,7
159,8
4909,6
3977,4
3792,4
4990,7
93,8
4296,4
4576,3
2514,7
2213,8
3988,2
198,1
308,7
2611,7
1796,1
489,8
2759,9
3354,6
3363,7
2917,8
2943,0
4334,0
4680,8
4316,7
3273,5
2927,9
1104,7
2519,1
2296,8
1908,7
1732,7
1865,7
1495,9
265,0
1225,9
4365,9
4983,7
4578,9
4396,7
1654,6
789,3
435,0
2815,8
3257,9
411,3
2272,7
4153,5
4765,0
1675,7
1249,2
2574,8
4271,9
3527,0
4695,6
1377,7
4042,1
4752,7
4355,7
4520,9
2353,8
3943,0
2880,7
3222,1
156,8
1813,7
3076,7
3314,1
2956,8
1630,8
4666,2
2954,7
1604,6
711,3
1912,2
1403,7
4502,6
3609,7
3328,3
3115,3
1048,7
986,3
1162,7
4189,0
3629,5
108,7
137,8
3502,7
787,8
2627,7
3734,5
3801,7
3283,7
705,6
2395,4
2683,6
2054,7
3838,0
859,7
2436,7
4310,6
103,7
1703,3
3240,3
1298,7
1239,7
2373,7
990,7
2463,0
1394,6
4080,4
406,9
2981,2
1479,7
3444,3
2987,9
454,2
0,0
3244,8
1186,4
2725,9
2774,7
1492,8
2040,6
2061,9
4386,7
3771,0
568,1
4879,0
3853,5
2678,4
1399,9
3235,6
1332,9
2125,7
1740,7
2510,9
4552,0
2155,9
1553,9
671,8
598,7
126,5
4572,1
2995,7
160,1
1325,9
3646,6
2467,7
3723,5
3649,7
120,7
1397,8
3969,7
4836,7
1691,4
13,2
2194,8
4701,2
918,8
2660,1
2098,9
1668,0
3594,7
2962,6
503,8
2378,9
2856,7
2738,9
4564,7
2292,2
836,6
2549,9
912,7
4773,7
3971,7
2063,3
2452,9
3720,7
4129,6
311,8
3254,6
2301,0
429,0
1258,7
2947,6
3951,6
4091,8
1480,9
3216,7
2048,7
2628,7
40,8
2482,7
1639,8
824,0
4921,8
644,5
4907,2
2938,1
1880,0
1982,8
390,7
3248,7
4905,7
452,6
507,4
839,4
3358,9
2872,5
3928,6
3567,4
3477,7
3656,7
69,6
376,8
3094,8
4392,7
3892,7
691,4
1959,7
2149,7
4231,7
4972,9
4519,2
4938,7
964,8
1723,3
3924,8
2137,8
1088,7
2105,9
2685,9
1382,7
2844,7
1153,7
795,0
1227,7
1178,9
2837,8
4341,7
4640,9
1601,8
1152,9
1498,7
4794,5
1881,8
4417,8
3225,0
4583,3
1665,7
615,7
4979,8
2752,0
1374,7
2204,7
1174,6
659,1
2891,7
1065,0
1285,7
2596,8
645,8
217,7
2033,9
667,9
4431,8
1291,3
672,1
4151,7
3817,1
432,5
4737,7
567,6
954,1
4050,5
3,9
4849,9
2417,8
1280,3
4381,6
1526,6
1420,1
485,6
1031,9
3592,7
4031,3
2993,1
3422,3
459,9
4026,0
1469,7
3888,4
3722,7
1632,4
3503,9
3055,9
4834,1
4196,7
829,7
1154,1
1762,7
3348,7
2567,0
3173,6
319,9
2739,8
552,7
379,9
1067,1
2710,6
2777,7
3913,8
1782,9
3067,6
4788,2
3307,8
1857,9
1591,9
3756,7
748,3
959,6
4183,3
1682,7
4711,6
1095,8
2957,0
3810,3
578,7
1706,7
4163,7
2059,6
1727,0
3755,3
3575,6
2768,5
3116,0
363,9
4785,0
4908,3
4361,8
4008,7
1111,7
4890,7
2541,1
2920,7
4277,7
1860,7
3018,0
3520,6
3373,7
2756,8
4059,5
2365,7
4482,7
1443,8
4267,9
725,9
2352,4
3207,0
448,9
3519,3
2176,7
3414,5
1052,7
286,6
1756,8
3467,7
1423,9
3411,7
1356,6
4359,6
2340,2
2522,0
1595,0
2074,7
1271,9
1260,7
3828,5
2601,4
4515,7
3998,7
3160,9
1179,0
3560,6
4748,9
4782,7
2831,7
3242,1
2038,6
4103,8
391,8
4506,7
2795,7
1540,7
3367,9
401,9
135,7
2789,8
191,5
585,9
44,8
3189,0
719,9
57,7
3203,6
248,5
1098,9
1122,0
4522,7
2338,9
2000,4
1612,7
620,2
4886,4
2761,8
3318,7
4154,7
4692,0
4401,1
2361,1
3246,7
2179,7
2937,5
3643,9
4986,5
2147,7
3332,1
1024,9
4615,7
243,9
1905,7
1194,5
1090,7
2276,8
2944,9
2653,2
3807,8
948,7
953,6
1741,7
3180,9
323,9
4459,4
164,8
287,7
1646,0
4651,3
343,2
389,6
2324,3
2748,9
4249,0
2728,6
3291,7
2357,8
1411,2
264,4
3061,7
2967,6
1010,9
2374,7
979,8
288,3
521,8
1282,9
4999,9
460,7
3141,6
3166,7
3268,9
738,7
76,9
548,8
2836,9
4705,9
245,3
2023,7
3454,7
3933,0
2312,9
3250,8
3699,7
1272,7
416,0
3016,8
2367,1
58,7
166,1
4754,7
4619,9
1507,7
25,0
4159,7
1169,7
3130,9
780,7
101,9
614,5
2805,7
3710,3
4930,8
2412,7
3553,2
2349,7
1614,9
1805,3
3483,7
589,5
2580,2
1521,7
116,7
4145,8
2257,0
4318,9
4367,7
1156,2
3397,5
3243,0
2926,6
4859,9
1955,7
2464,1
1763,8
3880,9
3455,6
2638,9
2,7
463,8
2068,7
4349,6
1390,1
307,0
1471,5
3634,7
1539,0
2557,5
2156,0
39,6
2126,3
12,3
544,0
3500,7
1867,7
397,9
2620,9
2704,3
957,3
1874,6
3925,9
2078,3
757,6
1562,7
4878,6
1400,8
282,9
208,5
815,9
2211,7
2121,7
1986,0
4377,8
2447,4
2319,7
3137,5
2629,4
1800,7
4568,7
2958,8
2512,4
3982,7
223,6
4273,6
2433,9
4544,4
422,3
1596,6
312,7
152,0
1582,5
4873,6
2262,7
124,0
1751,1
2472,9
1164,8
1772,7
4691,1
841,7
2839,3
2041,6
1054,4
278,6
2517,7
4880,8
3051,5
879,9
1221,7
4451,3
1598,3
4582,7
981,7
3153,3
4280,8
3766,9
2071,7
1338,7
1758,3
200,6
175,9
1363,9
1781,6
609,9
1318,0
499,7
377,7
4562,1
4827,6
2034,2
4570,1
4241,5
3158,9
437,3
92,1
4964,1
2888,3
1658,6
1476,6
1281,3
701,5
251,9
3146,8
2681,4
2586,7
1866,7
3615,2
4774,8
758,0
1183,7
1607,0
3131,7
1902,0
3175,7
4132,7
1378,0
3372,0
3633,1
3737,7
4487,0
2735,7
3997,7
3831,1
1948,8
2886,7
4000,9
2481,7
1628,7
914,6
201,7
4828,1
4226,1
4134,6
55,7
4815,7
1070,1
1243,9
1199,9
1160,7
1548,7
1368,7
438,9
4508,7
4904,5
3010,1
3690,6
1314,0
2540,0
292,7
2081,7
4176,5
732,7
3126,9
2742,7
1062,7
2246,7
4099,4
4204,4
2012,0
579,7
529,7
916,7
4965,9
1927,9
1465,3
906,5
3468,3
2030,9
2449,6
1191,7
1044,1
743,9
2270,5
2210,6
518,2
450,9
3096,5
1636,0
2394,7
611,3
4537,1
3865,0
961,9
269,8
1921,4
81,7
3365,0
2230,5
3292,8
871,9
1193,3
4001,2
2718,5
3006,7
1455,7
1032,6
3666,7
2242,9
187,7
4464,1
2475,8
1822,0
2011,9
2914,1
661,9
3910,6
1346,6
966,0
923,0
4274,0
3516,6
4865,7
3582,7
4430,9
4180,7
2160,9
4924,4
4918,7
2757,5
1673,5
1898,9
2006,8
2065,4
4371,1
4897,7
2729,7
1342,1
1961,5
901,3
2112,0
2379,8
3281,5
3121,2
943,9
2309,1
1681,7
1279,8
3523,7
4596,7
557,0
2645,6
2013,1
3922,9
4379,2
3196,1
2527,8
4923,7
4902,5
740,8
4958,0
627,8
4301,7
838,7
28,7
3093,0
2153,8
1108,7
3873,8
524,0
275,7
4021,4
318,7
2773,2
2097,7
102,3
3459,7
2513,4
851,8
2403,9
1989,8
1979,3
4211,9
295,4
599,0
3344,3
4548,4
3645,9
335,9
674,5
4877,1
3844,8
984,8
586,5
153,0
540,6
4720,7
1002,0
4332,7
199,1
4285,4
607,9
345,9
1407,0
683,7
4130,2
2094,8
4763,5
2310,7
715,7
1752,6
1821,4
4479,3
1619,7
382,0
4258,8
1801,6
2371,3
2458,9
2398,9
4152,9
302,7
2502,7
4704,0
1972,6
4121,9
1439,0
4989,9
4399,6
2562,3
2782,9
2315,9
2989,9
3003,1
1273,7
3903,7
3198,3
3416,3
4475,3
2273,7
4066,7
864,7
1810,7
2053,3
4530,0
1657,7
3124,3
3976,0
2428,6
405,1
4906,3
3764,6
3697,7
932,7
3659,5
5,8
2992,6
1577,3
4732,7
1889,8
1049,7
183,6
3490,8
1494,7
1215,7
267,6
4811,7
3535,7
4191,7
188,7
4253,5
3376,7
4470,7
2455,6
3271,9
2201,7
592,9
2092,8
3886,7
4075,8
2022,9
3576,7
2737,2
490,6
3389,1
407,0
4830,7
2359,7
3636,1
2762,9
3511,6
1731,0
2744,8
766,7
3350,9
1245,7
1623,3
3211,0
751,3
2775,0
3047,9
2663,4
4644,0
1775,1
1256,8
3295,3
3352,7
3772,1
3752,7
4775,7
1482,7
1118,1
3890,7
2381,8
3171,7
2552,7
4744,7
181,9
534,6
1950,6
1561,9
11,4
1922,0
1158,0
4187,1
428,2
4416,7
4452,7
374,7
462,9
4020,6
4916,4
1980,2
89,0
3871,0
357,8
1150,3
3432,6
184,3
3060,7
3628,8
4060,9
4870,9
1818,7
3070,1
2344,7
3443,9
692,7
2504,6
1236,0
2401,8
1416,9
2940,3
2876,0
3330,0
554,8
2108,8
3538,3
4473,3
2264,9
2008,0
339,8
2528,1
4809,8
3481,5
3942,3
174,4
2664,6
4340,1
1616,4
3640,1
4456,0
4034,3
2889,8
1064,8
1467,7
4089,4
1600,9
4331,7
2164,6
2724,6
2322,7
1033,6
685,1
2652,3
2716,5
2300,8
1773,7
2579,6
4851,6
1508,7
2765,9
628,8
2202,7
4485,1
2781,5
1676,7
3505,6
4799,5
2804,1
392,1
4138,7
4866,7
2679,3
3420,9
3805,7
1196,7
4458,3
2021,7
3931,0
604,8
3790,0
4005,7
3967,8
3236,0
1835,1
2599,7
4959,7
4177,7
1532,0
514,8
2170,1
1123,1
1812,7
4966,6
1061,3
2783,6
3981,3
3311,7
2864,7
3266,9
1872,8
4157,6
2998,5
3120,8
2556,7
2521,9
332,6
4914,9
3162,1
227,7
2733,1
2764,8
1143,7
576,7
4486,8
874,9
4833,7
1043,4
1517,7
2075,7
3327,7
818,7
3434,9
4760,3
4623,9
3701,7
2290,5
1497,0
4786,0
1764,7
3715,7
387,7
2575,7
4513,3
2228,7
1713,6
3531,7
3226,1
3014,9
3891,5
433,2
1474,7
689,8
3275,7
4012,7
1165,7
262,5
862,9
1882,8
2469,1
1408,8
2480,6
2255,1
750,9
1677,3
2960,0
4503,7
1736,5
776,9
985,8
1833,4
1909,7
2741,3
3660,1
18,3
4019,7
280,3
995,0
4829,7
149,9
4800,7
4618,7
4287,6
3164,7
770,8
2651,3
4882,8
3830,6
1187,7
2275,7
992,0
3041,7
3900,5
4571,7
2707,8
2767,6
905,3
3485,6
4412,8
4652,7
3453,9
2491,0
1232,1
1306,3
2462,8
305,0
571,3
560,6
2982,6
2396,1
619,6
1790,7
3565,9
4227,3
2445,7
3993,7
677,0
2590,1
3747,7
3731,0
4426,0
3778,8
3395,9
753,8
140,8
2043,3
633,9
3192,7
1845,6
530,6
3816,7
381,1
3856,6
205,7
380,1
870,7
266,7
494,3
82,8
1858,1
16,6
3851,7
4948,1
4625,9
827,6
1873,7
1988,3
1358,2
2148,6
2377,9
4670,6
2102,5
4070,4
4925,7
469,7
2824,7
2547,9
4616,3
1362,0
4073,9
446,6
4913,7
155,3
1766,7
2883,6
3572,6
2568,2
2031,7
2388,9
4721,3
3521,6
4798,9
212,3
4714,6
3023,7
3596,9
1391,3
1287,0
726,1
285,7
4779,6
772,7
3285,7
87,7
1621,5
794,6
1784,6
2384,6
3286,5
119,5
3794,3
4336,5
2865,9
1878,1
724,6
4257,3
4069,7
2318,9
2306,6
2497,7
1350,9
1692,1
4323,7
341,7
2851,0
2440,7
746,6
4131,7
2621,1
2697,6
3084,7
4135,8
4434,3
626,8
3182,8
4088,8
3209,1
3282,8
1538,1
4476,9
3095,0
3462,7
1313,7
880,6
4658,9
4489,1
4291,8
114,7
1136,7
4920,7
3031,2
1798,7
4328,7
3644,9
3337,1
4636,8
1353,4
790,1
112,2
1808,7
369,4
2626,9
2111,8
536,6
4234,8
2459,1
2669,3
3569,6
2797,9
492,7
3806,7
4937,7
1251,5
3431,1
4207,9
2677,6
1901,7
2842,0
2488,4
2668,9
1694,5
3433,0
45,0
31,8
1133,9
4342,7
4043,3
708,9
2052,7
4954,7
3046,8
3936,8
2286,8
4567,9
1716,8
2988,6
3090,7
2963,7
4614,4
1025,8
4510,8
1886,6
4275,9
4840,2
1448,3
225,0
2258,6
1892,7
4939,7
1359,8
4146,1
2151,3
2633,3
845,9
3781,7
1284,8
1216,5
4335,7
1585,9
747,7
1859,7
2706,3
3948,7
465,7
3675,7
20,7
1502,9
2587,0
2945,7
4603,0
3874,9
4423,7
649,8
4304,7
793,9
1386,6
244,0
648,3
1712,9
4079,7
3921,1
1683,4
298,4
831,3
2516,5
419,0
2119,7
4885,8
1324,8
1708,8
3719,7
294,1
3403,7
2565,8
3383,1
2443,7
3782,6
4064,7
56,9
1816,0
3746,7
4372,7
2115,7
4536,8
4621,7
1519,7
4023,7
3499,5
1584,8
4120,7
4029,3
1745,7
4373,8
1188,3
2261,0
894,7
1246,9
1343,7
2792,7
2555,3
1956,5
3396,3
1836,7
2994,7
398,5
3028,9
3351,0
2191,4
1126,7
2135,7
3148,7
2931,9
4299,1
2087,1
3020,7
2508,8
3989,7
3227,7
946,7
2062,3
3811,8
3088,3
464,8
2754,9
4687,8
4761,6
4848,8
1625,8
2690,9
3345,7
537,8
3287,9
1512,4
168,8
1489,9
1259,7
2526,0
2713,0
4346,7
1576,3
1106,3
2305,6
681,4
4251,6
3393,7
3336,6
4309,9
2827,7
1990,8
2979,7
4677,9
3152,8
4350,8
3605,5
2925,7
2536,9
15,0
3665,7
2079,1
1566,7
2687,7
4742,7
3885,7
4222,0
2873,6
2245,0
210,5
2113,8
2073,2
2192,0
2183,7
3994,7
782,9
2154,7
4490,9
2106,7
4018,0
3800,9
1311,3
4240,8
2830,9
4194,1
3440,7
3584,8
3914,4
4455,9
1081,8
788,7
697,7
3749,0
1385,6
1574,8
1020,0
2972,9
1750,0
4771,1
3551,6
1669,9
325,8
313,1
4825,9
1608,7
3767,6
2671,7
3957,7
4792,1
1055,8
67,2
1817,0
1531,0
1788,8
1269,7
1409,9
1483,7
3508,7
2448,6
2189,5
3992,0
3335,3
622,7
1367,9
172,6
1468,8
3045,7
1931,2
375,3
778,1
333,9
2238,4
1820,0
3514,7
1235,9
1605,1
3959,2
2254,8
1546,9
4637,3
3829,9
3347,6
327,5
2139,9
4441,0
3627,7
3546,9
3809,7
3501,7
1301,7
4002,7
1825,7
656,7
4484,6
909,0
2080,9
3062,1
682,8
3819,9
2702,0
4504,8
4028,7
1015,8
1714,3
1710,9
4978,6
4400,6
3357,9
1141,7
1940,9
2278,3
4707,7
3044,9
2511,3
3231,5
3151,7
2226,7
2723,2
3774,7
1726,9
2501,7
4312,3
977,7
2809,7
4112,4
680,7
1583,4
973,6
840,9
2143,9
228,7
2416,8
1462,9
144,7
3804,8
573,6
2946,0
3125,7
1722,9
893,6
4783,3
1864,5
197,7
1014,3
3840,7
3815,0
3540,1
1231,7
1092,7
1648,1
3247,1
3750,8
1522,9
3428,6
4587,0
531,5
1718,9
402,4
2649,7
1815,6
520,7
177,7
4265,9
3378,8
1660,7
3145,4
921,6
4164,8
3712,7
920,9
566,4
1132,0
233,1
3962,7
2800,7
4322,7
1347,3
3839,4
2138,7
182,5
993,7
1652,8
754,7
293,9
1759,6
2446,3
3716,7
1042,6
2731,9
543,3
2209,9
2674,7
980,5
3284,5
2840,7
4093,0
4963,8
4981,8
1760,3
3030,7
1473,8
2909,8
3912,2
404,6
2471,7
2770,7
4471,9
668,8
472,7
1101,7
3038,0
1633,7
4608,7
4298,9
565,8
4429,7
4558,7
194,8
4876,0
1904,7
3559,7
1355,9
858,2
3331,7
1794,2
3274,3
3717,8
545,3
4751,9
1843,6
1354,9
1484,9
367,8
1481,9
3909,7
885,9
513,7
3176,6
2964,7
2495,7
1388,7
1312,7
3212,9
3423,6
1038,9
121,7
2648,9
3934,9
261,3
1297,4
1277,1
3300,3
1295,1
2294,1
2971,6
2708,9
1839,2
2902,7
2951,7
3077,7
796,9
2810,9
4364,8
2973,4
2229,0
989,6
3679,1
4975,8
2060,1
1919,7
2441,0
131,9
2432,8
4124,8
2763,6
999,4
51,9
2948,7
2500,7
3400,9
1947,7
2017,7
3536,1
23,8
3558,0
3667,5
3429,6
1970,4
860,9
4969,7
3581,7
3233,0
2887,7
570,7
4808,8
1197,9
4894,7
832,1
3309,2
2661,6
1228,1
1212,7
2267,7
1552,6
1926,9
744,7
3224,6
4380,7
4719,3
3392,8
3191,7
3759,8
4689,8
4643,7
2672,8
825,7
1500,7
1166,7
1200,7
1493,9
4233,2
1679,0
1829,8
1850,7
2852,0
1011,1
3320,7
4368,7
4881,8
1861,8
3446,7
4566,7
41,7
822,7
4831,0
505,4
254,1
348,9
4036,3
1569,7
3149,5
1903,3
3119,7
1589,8
351,9
1852,7
4230,9
2028,0
1463,7
4465,9
902,3
2613,5
247,0
4214,4
3678,8
4673,7
1351,9
2333,8
653,2
2216,4
3862,7
1634,9
1572,3
886,6
812,9
2163,5
3533,5
634,7
1893,5
3905,3
4116,8
3625,8
624,7
3963,6
1976,6
3007,9
3280,6
3876,7
4182,6
3526,9
1795,6
2101,7
324,6
3056,7
4791,8
1984,9
2181,0
952,1
3623,7
2570,5
1229,9
3889,9
3841,0
2332,6
4532,3
3334,8
3979,0
353,1
2808,3
1077,9
4422,6
66,2
2755,9
3852,6
4263,7
2244,7
4755,3
3263,9
234,7
3339,7
3607,8
4139,6
1182,7
4169,6
2281,6
3213,9
3822,6
538,7
3163,6
3215,7
2974,0
147,7
4985,1
3123,7
4816,8
3620,9
3407,1
4428,1
106,1
1937,7
3570,0
4863,8
3916,7
4803,1
3117,7
33,1
167,7
809,9
4329,1
2146,1
3763,7
1496,7
4793,1
154,1
2929,7
2622,7
1971,6
2166,7
3593,6
4224,0
2542,7
1925,7
3304,6
1457,7
1783,1
1278,7
650,6
1145,8
3611,7
1168,6
1506,7
1147,8
3785,8
3973,0
3190,7
3159,1
3556,7
3877,5
1396,7
4736,8
59,7
1432,6
1366,9
696,7
2178,0
1248,8
4348,0
2832,1
2939,9
1372,1
273,9
2870,8
1693,8
1910,7
473,0
2899,1
2279,6
2505,7
1911,3
4232,7
4598,7
928,7
997,7
2084,8
1151,6
4588,5
1680,6
3513,5
2934,6
2010,9
2032,3
2525,8
4764,9
3577,3
987,8
4144,7
972,5
1914,8
2297,6
3930,7
169,3
3075,1
3996,7
2358,2
4740,5
2867,7
2583,9
90,9
3474,9
360,8
1337,9
673,3
203,7
4713,9
3941,8
4190,3
4013,9
875,0
2848,3
742,6
1602,8
1504,8
3579,0
2895,5
4167,5
4998,9
1560,0
2389,8
1524,7
4817,7
4641,6
3177,7
4594,2
1627,7
2818,7
1429,7
488,7
2109,8
1876,8
386,0
3315,5
3417,7
2776,0
3201,8
2802,3
3564,0
54,4
1565,8
1567,7
679,9
2875,7
526,7
1854,8
142,1
4565,7
2530,8
32,9
3655,6
2703,8
4435,1
2828,7
4279,7
2623,0
3387,7
3404,7
2152,2
1960,7
3092,7
1721,0
4127,8
3008,9
2506,3
2354,7
4142,7
3663,3
1963,7
2195,1
238,5
2625,8
3739,9
1459,9
2882,7
3573,6
3022,7
3040,7
2429,7
3326,0
3042,0
2049,4
1302,9
2003,1
356,8
2085,6
330,7
3568,7
4776,7
3683,7
3729,0
185,9
427,0
1826,7
3313,7
470,6
495,8
3277,6
3290,6
1220,7
3255,3
3100,4
1323,9
1663,1
3821,8
1684,4
3512,5
849,7
3110,3
4977,7
2896,7
4238,7
3554,6
3671,7
2573,0
810,0
735,7
1841,5
2018,9
4308,8
884,9
2984,7
2335,9
1638,8
486,7
4726,1
1586,3
4716,6
1023,9
895,9
236,6
3695,0
2107,8
1842,8
3005,7
3493,2
2172,9
1321,8
4802,7
1371,7
854,7
4037,7
143,8
258,9
528,7
4460,4
913,6
3489,9
2581,6
4015,9
1770,7
688,0
4702,8
3036,0
1573,6
2421,6
3803,7
4561,7
866,3
4011,1
2007,7
1618,0
3064,0
1954,7
944,8
803,5
4991,8
569,0
4577,9
3733,7
1013,7
2769,9
2643,5
2136,3
3181,7
1444,8
962,7
4209,7
4899,6
3319,7
1414,1
3843,1
2159,5
1550,0
695,0
3452,0
1701,6
3626,7
1115,7
652,7
588,4
2871,3
4855,7
4394,5
3082,3
1907,3
2919,3
4302,7
4715,9
4382,7
4289,3
3195,9
3561,1
196,7
2814,9
734,7
19,0
2219,9
2009,9
1329,8
2553,9
4700,7
3413,0
3915,4
2608,5
4872,0
1700,9
268,9
4632,1
3686,2
4683,7
2343,7
2243,8
3133,4
1869,8
3362,9
3983,8
299,6
2705,7
3089,7
4597,9
4545,6
4444,0
274,4
835,0
2435,8
3583,8
2350,8
97,9
4123,7
96,8
2366,8
388,7
1224,3
2785,7
949,6
988,4
1103,7
1631,7
1364,8
774,7
2095,7
271,7
2826,7
2168,3
1384,0
29,7
2686,7
2329,8
638,4
346,4
4442,7
2717,9
4137,9
2656,4
2426,9
1387,7
1427,7
63,7
2225,7
2236,1
4647,4
4229,8
542,6
1376,0
4555,2
3999,9
1967,9
2897,3
4839,7
276,3
1436,2
64,9
2812,3
876,7
1451,4
3323,7
1405,7
4523,3
4581,1
3390,9
1433,7
2424,7
1715,9
272,7
4009,9
1698,9
4248,8
660,6
4469,1
4319,5
2932,7
2976,9
2145,3
2020,3
3364,0
3595,7
4256,7
2855,1
231,7
3361,7
1275,6
3264,0
283,6
4777,0
1022,0
1051,8
4934,2
2550,7
86,7
4910,5
3398,5
284,8
1610,7
3923,4
424,7
1555,0
4770,7
4320,6
2234,1
3783,2
3279,7
2699,7
4698,6
1541,3
3249,8
2266,0
2129,7
983,4
2746,5
1533,0
297,9
2420,7
1977,8
982,0
816,8
4172,7
4494,7
2124,7
1210,1
192,7
2694,7
2220,8
1811,8
3214,1
1832,0
439,7
430,7
4927,1
1418,7
1300,1
4443,7
4553,8
945,0
3550,7
969,7
2478,7
2860,0
4935,6
3374,7
4500,6
1995,5
2616,9
1544,3
4688,9
4158,9
4185,6
646,8
676,0
1360,0
3911,3
4447,9
601,7
3217,9
420,3
842,1
1093,8
3034,6
4997,7
4514,7
2915,5
1029,5
3700,0
393,0
2391,8
1985,0
3471,1
2215,5
765,1
2133,7
2004,7
3694,3
3260,7
2336,7
2819,9
4092,9
3439,2
2341,3
3299,2
4074,1
1695,4
3975,6
193,8
4366,3
1192,5
2933,4
4052,7
3598,8
3167,7
4184,2
3069,3
3972,9
3718,7
1421,7
1138,6
4947,3
2131,0
4454,8
2961,3
4525,9
3769,9
3002,7
1007,5
4912,7
535,7
3691,7
4057,8
2247,9
2577,1
4210,1
1966,1
2325,0
2355,0
4852,3
2453,2
224,7
867,7
4017,8
4247,7
564,7
1206,7
91,7
702,9
4868,3
4115,4
1016,7
767,0
1357,3
218,9
4051,4
1333,7
3450,9
1431,6
700,7
3542,0
4768,0
70,9
222,9
3259,8
3239,4
219,7
602,0
2190,3
4212,6
4684,6
4415,9
2351,1
1883,6
1662,3
1074,7
3476,4
1671,7
3461,1
2285,9
3555,9
3380,9
2410,2
1446,3
2144,3
2039,6
4574,5
1242,0
129,2
3267,7
3341,5
2173,9
3958,9
3770,9
4390,9
3135,7
3684,9
3528,8
2271,8
4940,7
3517,4
1739,7
3950,6
3608,7
3713,1
3637,9
4347,7
4403,9
2346,8
1149,9
1647,7
2331,3
4166,9
2263,8
1514,3
104,9
3303,0
88,1
1542,7
4395,3
4628,7
4252,4
1102,8
1957,3
3945,1
1707,7
1380,7
4556,8
3868,8
277,7
1651,1
4620,8
4245,4
2916,8
3906,8
3932,7
364,7
4492,9
4481,7
1237,7
4174,7
3751,6
1163,0
1410,1
3601,0
3132,0
4170,6
4306,5
713,7
1599,1
3479,7
4797,8
1100,7
550,3
657,7
2714,8
4058,9
575,6
2120,0
1915,9
1853,3
2175,7
71,3
2600,1
4837,8
4136,7
4290,7
2595,8
99,7
322,6
1148,1
4217,7
1642,9
883,1
4016,7
4311,7
4278,8
2740,7
2348,1
1046,7
600,6
1834,8
2375,9
927,6
4178,8
1008,5
1189,1
1124,8
1952,8
4424,8
1935,6
178,0
4727,3
899,9
714,7
1746,1
4826,7
4551,8
1253,4
2721,1
4288,3
163,2
4022,6
830,1
2302,8
3105,7
3136,7
1203,7
1551,3
1624,7
134,7
1053,8
2456,4
4952,7
2689,7
2217,9
2419,2
259,7
158,5
2659,7
3187,9
4521,7
1370,4
2413,3
4283,7
4225,6
173,7
635,0
1844,1
423,4
4758,8
869,6
3262,2
647,8
4728,9
3449,6
4780,8
3780,7
847,9
2362,7
951,0
3154,1
2665,6
2490,6
3237,9
2082,7
4682,0
2089,7
1450,8
873,7
2392,7
3170,7
2890,8
1755,3
2239,7
1490,5
3245,1
2477,9
455,7
3956,8
3714,2
2269,4
3669,9
4630,7
4686,7
2016,4
4205,6
1617,6
1769,7
1733,0
2369,3
4468,9
1140,9
1440,9
2779,6
4945,8
344,1
4982,2
1304,7
1774,9
3949,7
1460,6
1340,5
3682,8
1037,7
3897,7
4635,7
1441,9
3673,0
861,1
4393,7
4076,5
204,9
1557,7
1924,7
2256,8
4449,7
4027,7
249,8
1558,0
2650,9
2561,7
4824,7
1056,7
4860,7
3442,5
3901,7
2863,7
3368,7
1262,7
1879,1
3302,7
3043,7
3458,3
4820,8
1170,7
79,7
1233,9
362,7
2771,9
1973,7
3447,4
2298,9
4600,9
2064,7
2692,7
4104,9
3419,6
3306,2
2778,4
1846,9
1568,7
2698,7
304,6
3366,4
310,6
3964,7
4805,7
658,7
3438,7
4436,7
2900,9
3658,0
4915,4
911,7
42,9
4862,8
4343,6
4889,9
3386,7
110,7
1511,1
4317,8
3872,8
3199,7
1870,8
1661,0
4410,7
597,3
625,8
848,9
2658,4
733,3
3676,0
636,5
3197,7
4807,7
1066,1
4143,0
4165,9
759,1
384,3
2437,8
3147,7
4679,8
1075,8
3597,8
1144,4
582,8
2531,1
717,0
2076,7
533,4
1987,7
2545,7
4601,4
4314,5
527,8
3894,7
1202,8
2535,9
3382,0
3338,7
2141,3
2128,3
2912,9
1131,8
409,7
431,1
4542,7
4406,8
2397,6
4046,0
994,9
2858,6
1310,8
1402,9
2507,0
3641,0
2766,7
2091,3
1697,8
541,8
3984,7
3001,4
2722,7
123,3
933,7
4871,4
4356,8
2904,9
4173,0
2787,0
3129,9
4971,6
2323,7
2093,9
2612,9
2838,7
4669,6
1001,9
2720,7
1261,1
3552,7
467,5
1730,7
4160,7
2287,4
3208,6
882,7
2597,7
3296,9
3026,9
1804,0
2543,6
2589,7
474,9
3870,0
1887,7
4085,1
1458,0
3762,8
2487,3
1289,4
2700,3
3134,6
2249,5
3680,7
2758,1
2843,0
1603,7
2811,7
4228,4
4337,4
729,7
2214,8
655,1
2727,6
2923,6
699,0
1322,1
1373,3
2859,9
4672,7
1139,6
246,3
3939,6
1831,7
3779,6
3083,0
823,7
517,5
1464,9
2067,8
4922,8
4675,9
2110,7
3687,2
4613,7
2259,7
4694,7
3529,5
3606,1
2368,8
2117,9
1837,2
2188,6
2334,7
716,7
417,9
4731,8
1847,7
2404,8
3879,7
613,4
3504,7
2854,7
1501,7
2402,7
1672,9
4369,2
1779,0
3301,7
1119,9
888,7
3087,7
3004,7
3111,4
2308,9
4408,7
1303,6
3150,9
3846,7
4505,2
1814,7
3786,0
3937,8
1590,7
4078,2
4081,7
929,8
731,0
2169,1
2635,7
710,1
1928,9
2662,9
442,9
3775,1
4790,7
1780,7
637,7
113,8
2712,9
3741,7
2751,7
1765,7
4047,0
4810,9
4526,7
2673,6
4243,9
4725,9
2970,7
4477,9
3861,9
394,8
2196,1
2576,9
2320,3
675,6
2907,0
2806,7
2835,8
4821,7
3202,7
2670,7
1588,7
4405,4
4067,1
3353,1
220,7
4199,9
3379,0
2850,7
1767,7
919,7
48,7
1009,6
229,3
46,7
4540,8
1667,7
162,3
3388,8
321,8
4094,7
3834,4
1349,1
1520,7
2316,8
4358,6
1309,8
651,9
900,7
2252,7
4295,0
1953,7
1891,4
939,0
2534,5
1958,1
4893,7
3253,6
206,3
720,5
296,3
3053,7
1554,5
1776,1
4259,6
7,9
3484,7
3864,7
2265,3
4722,0
2423,9
956,7
2330,7
3256,5
4741,8
2134,1
2538,2
414,7
2711,8
4589,4
4854,7
3727,8
4472,0
1059,3
1849,6
1379,9
4221,1
2069,7
1556,3
850,7
2881,9
4294,6
3495,7
4944,7
1012,3
1268,3
2427,0
1478,7
2439,6
2647,8
4857,1
4147,0
4344,6
2820,5
938,8
1942,0
4203,5
2050,9
4655,7
2546,7
3427,6
4083,5
4664,7
1331,0
4585,7
2055,8
617,9
3918,0
629,7
3487,7
1877,7
3990,8
1274,6
783,8
3218,1
1575,6
2457,7
1890,8
826,6
917,4
2985,9
4054,8
4535,5
728,7
2199,7
1900,5
74,7
4236,2
801,8
2422,7
4200,7
4086,7
216,6
2885,8
4188,3
2959,3
768,7
4038,6
3305,7
4282,9
1238,5
3238,9
3406,8
1564,8
4693,7
4703,0
1320,6
4353,7
2921,9
3761,4
4388,8
1406,8
2035,0
4772,7
3524,0
4956,7
704,7
1398,6
3566,9
3980,5
1711,0
195,3
3797,0
4667,0
4192,3
968,9
1724,8
1581,5
3760,7
516,1
425,3
1787,2
4498,2
3776,7
1063,4
4239,9
3205,8
3610,7
1034,7
1447,2
4467,7
2701,7
2001,0
4557,6
10,8
1587,6
2533,6
800,7
4113,1
3371,7
2892,8
2414,7
1222,5
2103,9
1754,7
3013,3
2385,2
3445,7
241,7
2788,0
4421,7
546,3
1176,7
4325,1
4516,6
4518,7
1369,9
1161,0
115,7
4903,7
833,7
1209,7
3688,7
3169,9
4822,9
3109,7
1799,3
3063,8
2268,9
4499,8
475,0
2118,9
4260,7
2719,7
1217,8
4457,5
4326,3
2607,8
3219,8
1943,9
3107,7
4853,7
3812,1
1786,1
4662,0
4324,4
3188,7
805,9
109,7
3651,8
1091,1
967,7
4242,7
3757,1
317,7
466,7
4445,9
2431,7
4895,7
2295,7
4491,0
2212,5
3791,7
1913,8
3545,2
2657,8
2604,8
1728,7
111,7
4867,8
2282,7
34,9
3857,1
1435,0
4202,3
4767,7
3878,9
4801,7
3677,8
736,7
4402,2
1003,7
1157,5
662,7
1226,8
2906,9
3670,9
2610,7
877,6
157,7
1470,7
2161,7
479,5
3530,5
4769,2
3128,9
2299,8
186,0
664,3
355,7
1422,5
4678,3
1678,0
3099,1
4006,7
925,7
4223,4
1247,7
2498,3
837,0
2529,7
1563,6
846,7
2874,6
2494,1
2187,9
2709,7
3603,7
2223,7
1107,1
4284,0
1570,5
336,7
4125,3
399,8
1791,6
1190,9
4096,9
834,8
78,1
1688,7
1293,7
1690,8
136,5
3058,8
1348,1
2523,7
1975,1
2772,7
2965,8
1939,7
1549,7
447,7
1112,8
1057,9
4676,7
1341,8
4466,8
3966,1
2205,7
4286,4
3850,7
1266,9
1177,9
1578,5
4333,6
1753,0
4030,0
4063,7
3543,6
3954,7
1244,7
878,1
2237,7
315,9
478,6
3127,8
727,7
4440,1
3085,6
4842,8
4663,7
2978,4
737,0
451,7
2632,7
4004,4
100,9
937,6
3172,7
1615,6
1319,9
415,9
950,9
1807,9
3478,1
1361,7
3799,9
2045,0
2913,8
3788,3
84,3
2684,3
1946,0
4560,3
481,7
1635,8
2585,1
2140,0
38,7
3321,3
828,9
693,0
2444,0
2878,7
1729,5
2014,9
587,2
4065,7
4276,9
3426,4
4529,6
3589,7
2784,1
4729,6
3908,8
3818,7
2603,7
480,8
1528,1
1485,7
1920,6
209,5
4749,7
3506,2
4933,7
2465,6
176,2
1419,7
4414,3
1204,7
118,8
1717,2
4497,7
777,7
3343,0
309,9
83,1
3369,8
2483,7
3758,7
1606,3
3907,6
189,7
2460,7
130,8
3562,6
4856,7
3813,5
4354,8
813,5
1135,9
2894,9
904,2
107,8
1283,7
3464,8
915,9
3919,3
1030,7
4994,2
4735,7
2821,6
1505,6
784,5
908,7
3270,7
1670,9
1257,4
4262,7
4197,1
4812,7
4041,9
563,9
2743,6
1664,5
4305,7
2342,9
3000,1
3602,7
3071,7
1466,8
3604,6
4660,1
4892,9
3498,6
498,7
242,6
3895,8
1218,6
2499,7
684,5
4389,7
1785,6
3534,1
1445,6
1855,9
2941,8
3086,1
3883,1
2799,8
998,1
865,3
1696,6
1771,8
1823,6
4360,3
539,0
621,9
2950,6
2208,4
1071,2
3381,1
3833,3
3947,0
3793,7
3035,6
2057,7
2474,3
3935,9
1747,8
2493,7
549,7
2250,9
4609,3
3054,8
3621,6
4624,5
4931,7
1838,9
4586,7
1929,7
3693,7
752,7
781,7
1288,5
4723,3
4531,8
4118,6
3674,4
3860,9
2036,7
4450,7
49,6
4642,1
3027,3
1637,3
1997,7
523,7
3098,7
1923,3
3854,7
1851,0
3101,7
654,6
4171,8
3410,9
4891,5
574,2
337,8
2644,8
1744,3
2425,1
1185,8
3736,7
1993,9
2654,7
2594,7
3835,7
1214,7
2180,9
303,7
763,6
4150,7
4962,3
4250,7
4617,0
3220,9
1352,1
4730,7
1941,7
2200,5
2968,6
4645,9
3866,9
739,9
4032,7
403,4
4884,7
1962,3
618,7
3025,3
663,6
686,5
4140,6
179,4
3547,4
3342,0
3221,7
2218,3
3494,0
3849,7
4493,7
1738,8
4980,4
1545,7
1802,4
4352,7
1424,7
4345,7
3298,1
1252,9
1290,6
1404,0
2942,7
798,8
532,6
3079,3
910,9
1547,2
1491,7
1021,2
4511,6
4795,7
889,9
1097,2
1644,5
1579,7
2193,0
3735,9
3974,1
1315,7
1296,0
255,5
4756,9
1649,6
1079,9
643,9
2015,0
3193,8
3696,7
4509,9
584,0
1005,0
4512,7
3310,9
1656,9
4942,7
139,2
897,9
2386,9
3346,7
214,3
1819,7
1515,3
511,4
1205,1
741,9
1949,1
2646,8
2489,8
1593,7
4480,9
1317,7
232,5
2903,7
1778,7
4950,0
338,5
2083,9
1685,1
678,7
4084,3
94,5
50,9
358,7
3102,7
4024,8
3019,3
561,8
2618,7
378,9
2274,9
502,7
2794,7
4300,9
170,7
26,9
4762,7
1255,8
1316,2
1983,7
4097,7
4929,7
4875,5
122,7
942,8
4712,9
1417,3
3599,0
493,8
2289,7
2760,1
2037,7
3795,7
4148,3
1213,9
202,3
4107,9
117,7
1613,7
2116,1
2980,9
4847,6
1264,7
2605,7
2051,7
2479,9
1344,4
4208,8
4547,6
2337,0
1327,8
2099,7
4061,7
2559,9
785,3
3297,6
4483,6
709,1
1757,9
3944,7
2532,3
4841,1
4610,6
2096,7
3355,8
2930,7
3740,0
2829,7
556,8
843,0
4569,2
2042,7
4819,5
1181,4
4087,9
4463,6
4246,9
151,5
1487,2
1974,7
4850,9
4750,7
3827,6
326,7
1270,6
4439,7
226,3
4846,0
3251,7
2313,7
4095,9
3142,7
1426,3
3017,8
4149,9
4391,7
930,9
3549,3
53,0
4168,7
4119,7
3532,9
3108,1
2400,7
1041,6
4068,3
802,3
190,3
4014,8
2675,9
3955,9
940,5
1336,7
3926,7
3507,1
3848,7
4215,7
4007,5
3394,6
3789,9
3537,7
3486,7
105,3
4634,2
1761,7
3057,7
359,0
3518,8
1425,8
300,7
2798,3
3409,7
771,8
2695,8
1389,7
4661,8
3588,8
52,7
2066,4
4292,9
4685,7
2248,7
2936,6
2666,6
3509,1
2253,8
1735,0
3754,7
4976,7
1449,0
4195,8
1159,6
3661,6
2088,8
1437,9
1230,4
4420,3
811,7
2969,6
4900,9
3329,9
2584,5
2823,9
510,8
4082,1
2749,9
1629,9
3356,5
4155,5
1809,5
4554,9
4967,7
3272,7
3704,7
2736,9
95,9
721,8
4563,9
3139,8
314,7
1803,0
4789,9
723,3
3385,9
2537,7
2606,8
2473,9
936,9
4538,0
4053,9
4580,6
577,8
4814,5
3647,2
4010,1
1068,7
2206,7
4035,5
2846,8
3548,7
2922,3
1110,7
1208,8
497,6
2485,7
4425,3
1087,5
1223,8
3210,5
4133,0
3708,4
4268,7
2554,9
17,6
4297,7
3228,9
769,9
2566,1
1666,3
1096,8
892,3
2347,3
4602,7
3206,9
3881,7
270,3
1999,0
1655,7
4501,3
3402,8
4874,7
4633,7
3340,0
4496,1
525,9
2150,6
440,9
4108,3
639,2
4219,1
3492,7
4109,4
1114,5
1286,7
2688,8
3987,8
4806,1
1078,7
14,7
2411,7
128,5
4953,7
996,7
1964,7
1978,8
3059,3
698,1
887,2
2609,9
3591,7
4627,8
2796,7
703,9
2186,7
2726,9
3325,5
630,8
4385,2
1932,7
2058,7
4818,9
3869,1
1116,0
4437,0
4351,8
4869,7
2345,9
4126,3
2696,0
4832,9
4960,5
555,9
2072,9
2100,4
1099,3
2104,5
2983,7
3648,7
2691,0
2450,0
1365,8
471,7
3961,1
2203,7
4607,1
80,0
3278,7
3029,3
4778,1
1381,7
4718,7
2503,3
4584,9
1234,9
1265,1
3140,8
612,7
3616,7
2569,7
4654,7
4659,2
4357,0
331,6
3631,1
3293,6
903,9
2476,4
1906,4
2177,2
2833,7
3482,1
4946,5
4409,9
3875,3
4681,6
642,3
1172,9
2617,7
3091,7
1689,8
4708,1
3692,6
2598,7
2321,5
2817,7
2047,7
2563,0
65,7
3884,1
1704,1
1434,7
3457,9
1945,1
4595,8
1082,6
1175,1
4411,8
396,9
3904,9
4549,7
4784,8
1862,6
1453,5
2539,8
3585,7
3436,4
1640,8
522,7
2026,0
852,5
2056,7
141,8
1777,7
3472,1
926,7
1559,7
922,3
4419,9
2732,0
1674,3
2387,7
1894,9
562,0
4315,6
2564,0
3024,7
1518,5
2280,3
3929,7
8,6
1080,0
1875,7
4044,7
2005,6
1201,7
2232,8
4418,0
3391,3
4327,7
694,7
1830,7
2167,2
4743,1
3798,8
146,7
3748,7
2548,0
2086,0
1019,7
2360,7
2734,7
2291,8
632,7
4488,1
1580,3
3586,3
1530,0
3360,2
3896,7
68,0
665,7
3703,7
329,7
1117,9
2390,9
1130,6
931,7
4098,7
456,6
4590,3
1383,6
4928,7
4071,7
3820,7
148,0
3437,7
1155,6
2997,7
898,9
400,6
2949,5
1537,7
712,6
2884,9
2328,7
2415,8
2667,7
4362,6
4710,9
2793,3
4843,4
2634,9
1085,6
1430,7
3522,7
1705,1
3970,9
4237,7
2975,3
2224,1
2911,7
4745,8
61,3
4638,9
791,3
3081,3
1412,8
1884,0
2991,8
2122,8
4339,7
3143,7
3021,9
2383,8
1748,8
3711,0
1597,1
3405,8
3753,7
730,5
4128,8
1195,9
2044,3
4539,7
1045,8
608,5
2790,9
4699,7
3289,7
4993,7
2227,9
47,9
211,7
4690,4
4936,1
1036,8
3867,7
4244,0
4961,6
3204,9
593,7
1086,3
4648,9
3664,1
558,9
4266,7
1375,7
1241,7
4370,6
4611,8
2399,7
1454,7
4796,7
2198,3
1461,5
4987,1
4427,6
366,6
207,6
2370,2
3430,9
3241,0
3375,7
2132,8
4917,6
807,6
1499,5
2251,6
1686,6
395,7
501,8
3515,7
1965,6
4951,2
2372,5
4932,7
4970,0
1742,0
970,0
853,0
4697,0
2157,6
2630,9
1035,3
3732,3
2314,6
4448,4
1305,3
2185,3
3155,6
215,9
1105,7
1058,6
1076,9
2293,3
3015,9
3612,9
509,0
3165,8
1725,2
342,5
3847,6
2908,4
690,0
2509,9
2182,4
4235,1
3898,7
4631,3
2393,4
3156,0
127,6
72,6
1609,9
4272,5
924,3
3940,9
3590,7
3497,6
3613,7
4270,2
2520,7
2518,7
2468,1
4453,7
21,7
3161,9
2750,0
1127,2
722,7
4926,7
4575,9
590,0
2241,5
2753,5
1936,4
77,0
4527,6
3709,9
3580,6
4984,9
3258,3
896,1
3496,7
2905,0
4626,1
4193,8
1824,5
2825,7
978,9
4747,7
2619,9
3635,5
3587,1
799,3
3480,0
3441,7
2986,8
347,4
872,3
706,3
2260,9
764,7
3316,9
1885,7
3185,7
476,5
125,8
73,1
3965,3
2451,6
1401,8
1472,3
2130,7
1933,7
4541,9
3702,9
4474,7
4033,7
3614,3
4639,7
3179,8
2602,0
792,0
3308,9
947,3
1620,3
4943,7
975,7
4604,8
145,7
239,4
1944,6
1121,6
2277,6
1702,5
4753,7
3183,3
1018,8
368,3
3112,7
2845,7
1856,0
572,4
443,9
1452,7
349,6
2813,8
1930,5
3032,9
4864,7
2382,1
4264,7
890,8
666,7
2046,7
1749,7
1938,6
1895,1
2311,7
2127,7
412,7
2999,1
2364,7
762,0
3276,7
2924,4
1267,7
468,3
1641,8
441,0
3858,7
1918,7
2376,9
4375,0
3103,3
4858,7
4114,7
1934,0
1069,3
289,3
760,7
240,1
4254,4
3859,1
235,1
3946,8
3825,9
610,7
559,5
1536,8
2935,1
551,6
3920,1
3322,2
935,7
3359,0
4559,9
3721,7
773,1
4606,7
4955,9
4992,7
4039,7
3074,7
4313,7
2849,1
1509,1
1768,6
1571,3
1047,7
4102,9
2407,6
4261,0
4507,8
75,7
3823,6
4376,4
4861,3
1871,6
2918,1
1888,2
3654,2
3842,6
2578,7
4896,5
1789,8
4407,8
3855,1
434,8
444,3
2730,7
2283,7
3265,4
963,1
2572,9
603,7
1129,7
669,7
2162,9
252,8
4198,1
1793,3
4105,1
3953,7
2551,0
3333,7
3978,6
934,7
1308,6
4957,3
4974,9
786,0
3705,7
4181,9
4887,7
2615,5
4941,7
1951,7
3399,7
4156,8
821,6
2966,1
3412,7
2952,6
3742,1
1611,8
868,7
3072,7
519,5
2303,9
3624,0
2807,9
2680,7
482,9
354,8
1211,7
3451,2
3435,7
1719,1
631,3
4161,9
3657,0
260,7
1198,7
4813,5
4438,3
3832,7
1072,7
1094,7
484,2
4739,5
4090,1
477,7
4072,7
1392,7
3902,8
594,7
4206,7
27,8
3539,6
4281,5
960,6
2624,7
306,9
1335,7
687,5
3469,5
718,0
623,8
320,9
4724,9
1393,7
3050,0
3698,7
4591,3
4462,0
4988,0
2847,7
3541,5
2221,8
4599,9
2544,7
591,0
290,7
941,3
2222,7
449,4
1083,1
3837,3
2631,9
2745,4
4901,8
1488,7
3986,7
3917,7
4461,0
4186,9
1292,8
35,7
971,9
2862,8
4432,8
3138,3
3706,7
1653,6
3232,7
4049,9
4303,7
4077,7
1006,7
4363,1
2977,8
1250,7
1827,0
3632,7
62,3
1868,2
4650,1
2676,9
756,9
3730,1
1442,7
421,7
2380,3
4100,5
4787,0
4111,9
3418,8
4622,5
3638,7
1503,3
1529,6
2019,8
4,8
3622,5
2747,8
2834,7
1486,7
974,9
3882,7
9,6
3557,7
237,7
230,7
250,6
1004,7
2356,4
3080,2
2868,5
2077,0
2070,3
1525,7
500,0
2515,7
1017,8
2461,9
2027,5
2879,9
2636,9
1184,7
36,3
3952,1
3104,9
1543,7
4321,9
2955,7
3744,8
3863,8
4055,9
2822,4
4883,8
4968,8
3223,8
2816,7
2233,7
580,9
43,5
1863,5
1299,7
491,7
4384,7
2486,4
3200,8
3456,7
3144,9
161,9
3899,9
1263,8
2640,3
2857,7
581,9
3777,4
4835,9
3421,7
4734,9
340,7
3927,2
1743,6
2898,9
2591,9
496,8
2786,7
2142,9
453,7
1050,8
2791,9
98,9
1040,2
3048,9
4733,8
804,7
4201,7
1592,1
755,7
670,2
4141,9
361,3
3563,8
1089,9
4844,5
3174,7
2317,1
1792,9
257,8
2288,3
171,7
4478,1
291,9
2442,7
1828,4
2861,9
2174,8
1734,6
814,9
3288,1
976,7
2002,9
2165,5
2558,0
4025,8
820,7
3995,8
1142,3
745,3
4949,0
2090,0
2869,9
1428,1
3009,1
2893,7
1109,7
2197,5
4546,7
3765,2
2454,9
1806,5
3073,3
30,5
1477,3
4179,7
965,7
2123,7
2910,7
797,7
1345,8
4307,7
2114,0
808,6
4592,0
4045,7
436,7
2571,6
1535,8
1992,8
4612,8
1219,9
4533,3
4433,0
413,9
4757,6
2025,8
3349,1
4898,7
857,7
1146,6
4759,7
1622,7
3294,7
1996,1
4804,0
3836,4
3845,5
3078,9
2171,7
863,7
3377,6
881,0
2418,4
373,0
606,8
3065,5
4665,8
907,1
1326,7
3114,9
4706,7
2953,3
596,7
279,9
4378,6
1294,7
3113,9
4738,7
352,9
2235,7
3796,9
4579,9
24,8
2363,5
3491,8
4495,4
2853,7
3571,1
1709,7
60,3
3743,9
1128,6
3578,6
408,0
1720,9
553,0
3039,7
3261,7
371,7
3968,9
365,2
2326,9
1994,6
2304,8
3252,6
2409,9
3600,8
4845,6
4657,7
3049,0
2780,3
3814,3
2560,7
1840,7
958,9
458,8
4919,7
3424,9
2693,8
4656,9
2996,3
4995,3
4838,1
3685,9
3726,9
2207,8
132,0
1073,5
263,7
1395,0
2901,6
3460,7
1991,6
2240,7
2877,0
2158,8
3544,7
4543,9
1968,6
3178,7
2641,6
4888,8
1134,7
2582,9
3574,7
2405,9
4269,0
1180,8
2284,8
1626,6
383,7
370,7
3707,6
165,7
3725,0
1917,9
817,8
385,9
